id,Domain,Status,Attractiveness,Demand,Length,Registrar,Created,Expires
3ea4e43e-1d7c-4397-af54-0b0a75265749,mapping.app,expiring,66,80,7,"GoDaddy.com, LLC",05/07/2024 17:14,05/07/2025 17:14
cf70cea1-6d04-49fe-89d8-0aa8b1c761c1,mapping.co,resell,66,80,7,"GoDaddy.com, LLC",21/12/2018 17:40,21/12/2025 17:40
058ea75c-0c22-451d-bb4a-5a34560fd907,mapping.dev,premium,66,80,7,,,
e0240a58-5cef-4bb5-a382-3427d2887500,mapping.gg,available,66,80,7,,,
845c3b04-5824-4354-ab94-2be5a414f9fd,mapping.me,resell,66,80,7,"GoDaddy.com, LLC",11/08/2008 11:00,11/08/2026 11:00
36995fd1-58ab-4173-abfd-f1d2fd56db99,mapping.so,available,66,80,7,,,
35e3d1fd-ded3-4c74-a276-0d986d3b7cb8,mapping.store,premium,66,80,7,,,
6f558be4-e19a-4ac4-875f-48317815f61d,mapping.us,resell,66,80,7,"GoDaddy.com, LLC",24/04/2020 00:04,24/04/2026 00:04
072b6655-bc05-43fc-807b-fd7e97b3cc24,geography.expert,available,66,80,9,,,
815e283f-47d3-49ec-9805-a2c86c6642fb,geography.io,premium,66,80,9,,,
983d86db-5c8a-4904-acb8-c02cd25eaff3,geography.it,expiring,66,80,9,,28/06/2015 09:00,25/07/2025 00:00
e386ac07-d096-4f21-81ef-64dbae6185cd,geography.me,expiring,66,80,9,Dynadot Inc,17/07/2008 16:46,17/07/2025 16:46
7e7a88dc-ef44-46af-bac7-647f6e97bfb6,geography.ninja,available,66,80,9,,,
6bf6c6ea-8d06-497d-b1d5-b6856e6fc66f,geography.online,premium,66,80,9,,,
e1dec398-6d92-4481-9690-7363c084dab7,geography.site,premium,66,80,9,,,
cd4c736b-3ff0-4d8f-bbce-384486dcf47e,geography.so,expired,66,80,9,RAMAAS LTD_LR,03/02/2024 09:51,03/02/2025 09:51
4a60e91b-9ef6-4d7e-a9ce-5542ee9361bf,geography.space,premium,66,80,9,,,
e1290741-3aba-4fa3-8791-78ee54f9ffd9,geography.store,premium,66,80,9,,,
b0220616-8618-420d-836c-170516dfb51d,geography.tech,premium,66,80,9,,,
50056acd-357f-4cc8-835c-90713808d6bf,geography.us,resell,66,80,9,"GoDaddy.com, LLC",24/04/2002 14:05,23/04/2026 23:59
a4630424-89a4-4ad8-b16d-3c03b70b6503,geography.xyz,resell,66,80,9,"Go Daddy, LLC",02/06/2014 17:10,02/06/2026 23:59
b6f4549c-cfb3-4036-b6e6-2af4f49aa57e,geography.zone,available,66,80,9,,,
a5bf0137-39ad-4ac4-9792-927efa214d9e,surveying.app,expiring,66,76,9,"Soluciones Corporativas IP, SLU",28/07/2024 20:56,28/07/2025 20:56
2da2e663-6d48-4357-bb84-86cf7c386f5c,surveying.at,available,66,76,9,,,
581d6b6e-e508-41c8-a253-dd17317a611a,surveying.cloud,available,66,76,9,,,
19b99703-0ff7-4968-98c8-5743f280b8a4,surveying.dev,available,66,76,9,,,
72a01b8d-d928-427b-9004-5d35e01a170d,surveying.expert,available,66,76,9,,,
33759676-19eb-4a08-bcc2-8c269b8db0b1,surveying.gg,available,66,76,9,,,
032ed03f-ba32-4d29-a08e-1cbef0e94c91,surveying.io,resell,66,76,9,"GoDaddy.com, LLC",31/07/2018 12:47,31/07/2026 12:47
fb761345-0d6b-41c6-a832-652b587fe6fe,surveying.it,resell,66,76,9,,19/04/2013 08:13,11/05/2026 00:00
bb08be51-9b4d-48e6-b886-0d645199f803,surveying.me,premium,66,76,9,,,
04963015-9838-45af-8a58-f2fbf4d8bdae,surveying.ninja,available,66,76,9,,,
443efab2-316d-473f-bfe3-bc69689f47a1,surveying.online,premium,66,76,9,,,
71b3bc2e-d4a6-493f-91d3-06f3dad6cf11,surveying.pro,resell,66,76,9,Epik LLC,13/12/2022 17:00,13/12/2025 17:00
ec2d5cff-af10-4018-96ff-1f0162b2638a,surveying.site,premium,66,76,9,,,
0e0a65dc-406c-462d-899f-1baa19c53797,surveying.so,available,66,76,9,,,
11e62f8a-8bf2-4529-b052-94a688a678be,surveying.space,premium,66,76,9,,,
5eaab16f-75fa-49ea-9a59-828b42222161,surveying.store,premium,66,76,9,,,
b4740997-644d-45e1-9687-0bc3f921c184,surveying.tech,premium,66,76,9,,,
7acf0055-b1de-47c8-8f93-457efc52ffce,surveying.zone,available,66,76,9,,,
09c23f4b-cbf7-4f03-af9f-dbb5ce64af7a,cartography.at,available,60,80,11,,,
e92cc6ef-9eb7-44a6-a82e-229613f58e1f,cartography.co,expiring,60,80,11,"GoDaddy.com, LLC",26/07/2010 22:03,25/07/2025 23:59
fb505314-a074-483d-a0de-06300b78af7e,cartography.expert,available,60,80,11,,,
ccc02039-36eb-4619-a3ed-6326737931bd,cartography.gg,available,60,80,11,,,
ab7813d6-38ef-4bd0-8708-a14f4f55bd66,cartography.me,sold,60,80,11,Tucows Domains Inc.,17/11/2010 18:54,17/11/2025 18:54
90a63c59-3ccb-4a0a-9a2d-ed9b54c46104,cartography.ninja,available,60,80,11,,,
00b1e4a0-9abb-4920-bda1-63888a6ff537,cartography.online,expiring,60,80,11,PDR Ltd. d/b/a PublicDomainRegistry.com,22/07/2024 03:11,22/07/2025 23:59
f1500f8b-559c-4c51-b6e5-20bdf4f3784c,cartography.site,premium,60,80,11,,,
6d8f7c55-a14a-4651-932e-f93c37476ab2,cartography.so,premium,60,80,11,,,
e9e68a45-9992-4ca7-9bdc-0e22e1e11c9a,cartography.store,premium,60,80,11,,,
9b6372e3-8a4f-44e5-8309-9c6e0f568260,cartography.tech,premium,60,80,11,,,
f128afa8-f8f8-46bf-b33f-10617fcbb036,cartography.zone,available,60,80,11,,,
447d86b0-4ea5-469f-a713-ba2bb09e9a14,maps.app,resell,56,96,4,GrepApps Technology Inc.,06/10/2023 18:47,06/10/2025 18:47
e402dcf1-5760-4e19-9682-8148f1a4d74f,maps.at,resell,56,96,4,DAY Investments GmbH ( https://nic.at/registrar/485 ),,
7aa9861c-0ddd-45d9-bc2f-97475e3c015d,maps.cloud,resell,56,96,4,Tucows Domains Inc.,12/02/2020 14:39,13/02/2026 14:22
f07f06c1-33c6-4ea6-b093-c9652464d73b,maps.online,premium,56,96,4,,,
2d129de2-79e3-4745-a745-ebb452e536a9,maps.pro,resell,56,96,4,"GoDaddy.com, LLC",03/03/2005 00:00,03/03/2026 00:00
6542f16d-9809-4632-9f7a-03edffd46a98,maps.site,premium,56,96,4,,,
317a9f11-9635-43a0-a8e4-8f086f478aae,maps.space,premium,56,96,4,,,
cc240814-8333-4b22-838d-cebd9cef3459,maps.store,premium,56,96,4,,,
064a3d8c-42f0-497a-8737-7ae796521a49,maps.tech,premium,56,96,4,,,
20473985-b8f4-4c47-83eb-2ebbbd503932,maps.xyz,premium,56,96,4,,,
c65fffdc-b656-4d99-966e-067cf8743e28,topography.ai,resell,58,80,10,Porkbun LLC,28/05/2023 11:12,28/05/2027 11:12
980a33a2-9694-4869-b593-89a5b5438bdb,topography.at,available,58,80,10,,,
5fc85c54-6e60-45b8-8e9d-229348b23ba9,topography.cloud,available,58,80,10,,,
6eadc1e8-6e80-49e7-9551-c05b4b1e2d1b,topography.dev,available,58,80,10,,,
032f0294-f3c6-42ef-8b5c-94bd0b92020e,topography.expert,available,58,80,10,,,
3ab88557-76c6-4eee-aa7e-2e0c1c0cafd1,topography.gg,available,58,80,10,,,
8236ba3b-32e8-428a-8173-f547506ff961,topography.it,expiring,58,80,10,,12/07/2015 18:09,12/07/2025 00:00
c9990c58-adda-4cb6-b173-f70e3c393d12,topography.ninja,available,58,80,10,,,
c2a02d7d-43f3-49c7-b330-dfeeb231d16d,topography.pro,expired,58,80,10,Dynadot Inc,27/04/2024 17:00,27/04/2025 17:00
4abf00e3-4aa8-4b35-b3b3-e5cdf7355e63,topography.so,available,58,80,10,,,
67edb847-054d-49f2-949b-18136503b09f,topography.tech,premium,58,80,10,,,
cd975b62-1549-4841-aa7c-b58550e9aa34,topography.us,expiring,58,80,10,"GoDaddy.com, LLC",11/07/2015 16:31,10/07/2025 23:59
290b0a0f-ae3e-4fcb-95a7-264cbeca88c5,topography.xyz,resell,58,80,10,"Sav.com, LLC - 1",14/02/2022 00:39,14/02/2026 23:59
4902534d-1f69-4cab-afc1-4aef8f2aadba,topography.zone,available,58,80,10,,,
f8e3ea64-3a0c-4b20-bc51-d9ce10a8b7af,mapprojection.ai,available,56,72,14,,,
08445d19-ef5a-47f1-a1d7-77ae017d892c,mapprojection.app,available,56,72,14,,,
177ee322-6b80-4af3-8a38-6e1133421d29,mapprojection.at,available,56,72,14,,,
7aafcf13-9982-41cb-ad89-5b4b51931030,mapprojection.cloud,available,56,72,14,,,
0f6b961e-df3f-46c2-a71b-80517555cd33,mapprojection.co,available,56,72,14,,,
368d7184-5edf-40f8-bd39-28784e4ecd4e,mapprojection.dev,available,56,72,14,,,
7ab592fe-a2a9-4859-ae28-82b26ea855d1,mapprojection.expert,available,56,72,14,,,
d279f10b-8c1e-433d-98e8-4c0fa6322e45,mapprojection.gg,available,56,72,14,,,
13934432-8cac-46e4-ab7f-e418ebfc69fe,mapprojection.io,available,56,72,14,,,
d1946527-f6c5-40bf-a89b-07c76fc49229,mapprojection.me,available,56,72,14,,,
06a8fd8b-132e-4051-abe6-e3efd718dae7,mapprojection.net,available,56,72,14,,,
19ecf9de-ecde-44ba-a03a-ae17804e8747,mapprojection.ninja,available,56,72,14,,,
86eed00c-f074-4c8f-b8bf-f65c8a35e59e,mapprojection.online,available,56,72,14,,,
cc6e2491-a9ce-4e16-ab21-a01e5025c157,mapprojection.org,available,56,72,14,,,
001ff8e7-b291-4a78-bf13-064742bc0bf1,mapprojection.pro,available,56,72,14,,,
df3e0417-4018-455e-a922-9bb2f5340807,mapprojection.site,available,56,72,14,,,
a05f8ff1-ce67-4622-87de-44e8fe385855,mapprojection.so,available,56,72,14,,,
c94d32ff-9294-4566-8c4e-2a409b20f605,mapprojection.space,available,56,72,14,,,
7380b080-0c07-48a4-91bd-d871f0ef748d,mapprojection.store,available,56,72,14,,,
1cfe9e0a-07cd-4dd1-b98f-7bd37a27dc36,mapprojection.tech,available,56,72,14,,,
1d1e77e1-7dad-43a0-9e73-3dbaf5ea6520,mapprojection.us,available,56,72,14,,,
97c60090-a17f-4161-b22b-97b4d2c12e1b,mapprojection.xyz,available,56,72,14,,,
98d6c6ae-63b1-418f-a691-ff2874b0ec20,mapprojection.zone,available,56,72,14,,,
f90699fb-e745-4052-982a-a308f544fa12,placenames.ai,available,,16,11,,,
91276793-03e3-47d9-851e-adc46dcd2e63,placenames.app,available,,16,11,,,
c61431ef-16d3-4bba-a21e-c7ebf179bc9e,placenames.at,available,,16,11,,,
4a97fd5f-3cf3-4b64-9ca0-2243fa2c0185,placenames.cloud,available,,16,11,,,
56186889-5f9e-45f8-9121-145783a498c2,placenames.co,available,,16,11,,,
41af1618-a97d-463a-89dc-fbb22cecaf04,placenames.dev,available,,16,11,,,
c77b15db-5117-41e3-8d31-e96b1a854675,placenames.expert,available,,16,11,,,
6e6d99ae-eb3b-4bc0-a2e2-4adf0a8488ca,placenames.gg,available,,16,11,,,
7f1c161e-23f7-4356-b8b1-5d7075384b48,placenames.io,available,,16,11,,,
0f5159db-f09f-4326-94d8-458dc817cacd,placenames.ninja,available,,16,11,,,
af936762-56df-4e9b-81bb-6d7f685aa6c4,placenames.online,available,,16,11,,,
060d1fcc-e167-4377-85ad-398051d90745,placenames.org,available,,16,11,,,
a5e8999d-199d-4976-b032-4f3c20629e5c,placenames.pro,available,,16,11,,,
d74b399b-2c57-42db-a0fe-f3bc6cf1b1fd,placenames.site,available,,16,11,,,
d8171eac-b5c2-45ed-8f8b-e9801c1c4c52,placenames.so,available,,16,11,,,
5ffa3124-54c9-4730-9037-02d1aebd87f8,placenames.space,available,,16,11,,,
374b7a8e-e866-471d-87d9-081e11f85e41,placenames.store,available,,16,11,,,
22cdc1ed-4401-4e31-84b9-01f8c65fb717,placenames.tech,available,,16,11,,,
c87c3fc7-4ec7-4680-9672-cd715f7d8604,placenames.us,available,,16,11,,,
34be2a19-3e40-43d4-9673-5f31e6912d22,placenames.xyz,available,,16,11,,,
9f25059b-57fd-471b-8647-0417c5128e39,placenames.zone,available,,16,11,,,
e762ee1c-c6aa-41b7-b57a-b791c6906135,analysis.accountants,available,80,18,8,,,
2ac535cb-530f-4b16-8b54-0857f3e2028d,analysis.actor,available,80,18,8,,,
e8b1f1bc-b652-40c1-8b01-f4227d7e4a8f,analysis.adult,available,80,18,8,,,
d17fb4ef-7e98-45a1-89ed-2fb32717d388,analysis.agency,resell,80,18,8,"Sav.com, LLC - 4",13/01/2025 15:15,13/01/2026 15:15
1c1c6865-381a-4991-b271-ab0cd45b337f,analysis.ai,expiring,80,18,8,Marcaria International LLC,16/12/2017 01:22,07/01/2026 01:22
6a478428-617a-480b-a827-ddb85f878079,analysis.airforce,available,80,18,8,,,
66458bf7-632c-4f2c-9ade-bf2a747a1229,analysis.apartments,available,80,18,8,,,
95d28ea3-9c1b-4570-a20f-ce00596f4d5a,analysis.app,resell,80,18,8,Porkbun LLC,05/05/2018 16:00,05/05/2026 16:00
97423082-406c-4510-b05a-9e91189223cd,analysis.archi,available,80,18,8,,,
a2f85d38-939c-48e6-914e-9027ca0a0bf0,analysis.army,available,80,18,8,,,
946e55b4-191e-457c-88a1-94a92ab6332d,analysis.art,premium,80,18,8,,,
74b5bf2e-80e5-4635-92e1-b5281367c2f7,analysis.at,premium,80,18,8,,,
ffd52d0d-d405-491f-b44b-6b8a29c36bfd,analysis.attorney,available,80,18,8,,,
1289f7ea-3de9-4bfa-84a0-c3a52b379fd2,analysis.auction,available,80,18,8,,,
f55d8a37-dbfe-44f3-802d-225cd503fad8,analysis.audio,premium,80,18,8,,,
3b96fae2-0e80-46f3-8f24-2efb286f1c31,analysis.auto,available,80,18,8,,,
c789434e-fe3d-4318-baac-11e41b66f865,analysis.autos,available,80,18,8,,,
63d0000e-8f42-4e5d-acae-a6cc1a608351,analysis.baby,available,80,18,8,,,
6a6c8ad4-b798-4733-a318-dc5cf5e5db9e,analysis.band,available,80,18,8,,,
64f33761-6908-4814-a3bf-1fccd7381c0e,analysis.bar,premium,80,18,8,,,
644437ed-6fb0-4c29-abd0-9139c5e2cdf3,analysis.bargains,available,80,18,8,,,
faa7278b-42d6-46b5-80d9-e1723fbee311,analysis.bayern,available,80,18,8,,,
fe149cc0-f37e-47d7-aa80-ff4bd2fcf984,analysis.beauty,available,80,18,8,,,
ffcb0bc9-1627-4df8-936f-c2e1a2a59a32,analysis.beer,available,80,18,8,,,
11817656-a1f5-4ab5-9f5f-d1247375c073,analysis.berlin,available,80,18,8,,,
e2bddb74-08cd-4ed8-9fef-b52cf6faa3b6,analysis.best,resell,80,18,8,"Sav.com, LLC",09/09/2025 08:26,09/09/2026 23:59
e289c84a-41c9-46ff-a7df-3c8ba3582681,analysis.bike,available,80,18,8,,,
a9a38cb5-d4ff-4e2f-b099-9d7655899587,analysis.bingo,available,80,18,8,,,
b445d965-ed7b-46c1-9ab9-457f71efd688,analysis.biz,resell,80,18,8,"GoDaddy.com, LLC",30/10/2014 17:01,29/10/2026 23:59
b481fd8a-05ed-4143-9852-94a49b9e622a,analysis.black,available,80,18,8,,,
161549c2-2637-4270-8a32-d4a2d53a5165,analysis.blackfriday,available,80,18,8,,,
6fd9e530-00df-4ad6-b112-554f8306cd4a,analysis.blog,premium,80,18,8,,,
084f1106-b828-4deb-bad9-4782cbb913ee,analysis.blue,available,80,18,8,,,
9fa7d277-5c2a-4530-9ad9-8a7f8ccfa475,analysis.boats,available,80,18,8,,,
c4e7f2a9-12f4-4671-bc01-abdeaa17e915,analysis.boo,premium,80,18,8,,,
122e482f-47fa-4b5c-970e-7c9bb6dd6965,analysis.boston,available,80,18,8,,,
69c81321-6333-4b0a-bd1b-6c056f86bbd1,analysis.bot,premium,80,18,8,,,
b39ac42b-3acd-4041-9642-4c7cbdbd53a1,analysis.boutique,available,80,18,8,,,
f40e7e4e-6bdf-492b-986e-e0c037b12c97,analysis.build,premium,80,18,8,,,
3f326c26-4308-47eb-85e6-6f4c6820c970,analysis.builders,available,80,18,8,,,
9caded81-4eef-4d50-ad33-c9310c345c7c,analysis.business,resell,80,18,8,"GoDaddy.com, LLC",27/06/2025 18:33,27/06/2026 18:33
407efa4f-928d-4eb1-9925-a59c2ffe5230,analysis.buzz,premium,80,18,8,,,
1e083aa2-3535-4a0c-945f-5055c2235db1,analysis.bz,available,80,18,8,,,
6d127559-c911-4794-a9d7-ea61a0847a70,analysis.cab,available,80,18,8,,,
fb381884-3117-436b-a3b7-6da4bfff876e,analysis.cafe,available,80,18,8,,,
f93ab17d-b1ab-40cc-82d9-50726e7f3c13,analysis.cam,sold,80,18,8,"Spaceship, Inc.",27/10/2023 18:09,27/10/2026 23:59
c71749e7-6634-44a8-8643-a8e5576704fb,analysis.camera,available,80,18,8,,,
a7da81d9-9895-4f13-9dad-8d5dbbdb8088,analysis.camp,available,80,18,8,,,
82825402-4b48-441b-b3c7-9018e2e2a336,analysis.capital,available,80,18,8,,,
73510bac-fdec-4354-bf7f-c95109701f6f,analysis.car,available,80,18,8,,,
e475fa75-506e-4af7-87d4-258ee4762b9b,analysis.cards,available,80,18,8,,,
0c2c5913-de1c-48a3-8fcb-a0d1fc98113e,analysis.careers,available,80,18,8,,,
0b97392e-6a78-4841-82cb-c14582e6391f,analysis.cars,available,80,18,8,,,
77bf56f9-aa3d-4359-8bf6-3daca87e4df1,analysis.casa,available,80,18,8,,,
29b6205c-626b-4892-9e14-10046bad9963,analysis.catering,available,80,18,8,,,
64f13ffc-7654-489c-99a8-b72df661973e,analysis.cc,resell,80,18,8,"GoDaddy.com, LLC",18/09/2019 08:03,18/09/2026 08:03
8b6eef17-3c9f-4c2b-a6dc-3d74b22e2844,analysis.center,available,80,18,8,,,
b24d86ac-fc92-4500-9bd1-279384062045,analysis.ceo,premium,80,18,8,,,
99fa2c7c-0e7d-4f7a-a9e5-5540415af3d2,analysis.cfd,premium,80,18,8,,,
75d561c0-4d77-4b00-a603-acdccf9b447a,analysis.charity,available,80,18,8,,,
b74e419c-8f34-4adb-a52b-84f00d80ddaa,analysis.chat,resell,80,18,8,"GoDaddy.com, LLC",27/06/2025 18:36,27/06/2026 18:36
eeab5fe1-c005-49c1-bf30-13dc003f6453,analysis.cheap,available,80,18,8,,,
ff9ee9a8-74f4-4828-9db3-346e304b8bad,analysis.christmas,available,80,18,8,,,
b5436816-b114-4655-9ace-9642b5930e5d,analysis.church,available,80,18,8,,,
a1518655-df74-453f-8188-31a54cba97e8,analysis.claims,available,80,18,8,,,
b3b0c1dd-6366-4e1d-a39d-217e8f78bfae,analysis.cleaning,available,80,18,8,,,
20bbf014-c423-4496-91d2-5d41699eb16d,analysis.clinic,premium,80,18,8,,,
e45f8f55-b23d-49dc-b436-efea822e3281,analysis.clothing,available,80,18,8,,,
0cb313b8-4047-4691-b341-5767e86ef007,analysis.cloud,resell,80,18,8,"Spaceship, Inc.",22/12/2023 01:17,22/12/2026 01:17
35c85c1d-6186-46df-87e8-f0a03de85849,analysis.club,premium,80,18,8,,,
6e5f3c55-0711-4e73-b2f0-0415f9fd74bb,analysis.co,sold,80,18,8,Dynadot Inc,20/07/2010 18:00,19/07/2026 23:59
fee912c2-b1d7-4e44-9b5a-61a2baf7036d,analysis.coach,available,80,18,8,,,
0a24b64d-7039-4b8e-a0c0-27b842ac85bd,analysis.codes,available,80,18,8,,,
0c52948d-1d89-4bd7-9358-5b9ff9bea289,analysis.coffee,available,80,18,8,,,
7e4d6346-869c-434f-8936-1d5b7a04654b,analysis.college,available,80,18,8,,,
56df6a7c-e219-4369-b4ac-f4db533cec1a,analysis.company,expiring,80,18,8,"GoDaddy.com, LLC",09/12/2024 19:38,09/12/2025 19:38
d40b8a32-0df2-4e03-9301-b746afbf9e3c,analysis.computer,available,80,18,8,,,
951a216e-705d-4750-ba1f-89f9b2abb26b,analysis.condos,available,80,18,8,,,
68ede4d5-e40e-4152-a070-6ed155e898ca,analysis.construction,available,80,18,8,,,
0cd6e3db-c57b-4daf-b451-96a918524491,analysis.consulting,premium,80,18,8,,,
ecd6b4c1-af78-4ee5-93fe-3f0adb3dc067,analysis.contact,available,80,18,8,,,
2b08d555-cc34-41e3-aae4-cc8270c07327,analysis.contractors,available,80,18,8,,,
7062788c-9431-4c42-bc2d-0caa3ff0433f,analysis.cooking,available,80,18,8,,,
e40d8607-f8f3-429a-9dac-e42c9ad01798,analysis.country,available,80,18,8,,,
c60db764-d4e2-4299-9cae-15b1ad26da35,analysis.coupons,available,80,18,8,,,
3ed4d7dc-66f1-48e7-aa10-e39c03d81798,analysis.courses,premium,80,18,8,,,
9cc25453-a8ca-478a-8a2f-b06331dbc3a5,analysis.credit,available,80,18,8,,,
fa6865d5-9a26-4e50-9905-c99a6e8b773c,analysis.creditcard,available,80,18,8,,,
750f4205-a674-4ea5-871a-d0e65a93c216,analysis.cricket,expired,80,18,8,Exclusive Registry Limited,01/12/2014 07:22,30/11/2025 23:59
a5328a1f-b847-400f-9137-6965fe243e97,analysis.cruises,available,80,18,8,,,
0535d6c0-8339-4572-8809-28f881da0d70,analysis.cv,premium,80,18,8,,,
ff44ba50-8f6e-42fe-beb3-d738000a1bd8,analysis.cx,available,80,18,8,,,
0a954ed6-095d-481f-89a3-3459c06c82fa,analysis.cyou,premium,80,18,8,,,
b5483e0e-ca5a-409f-b27a-6aff6a7826be,analysis.dad,premium,80,18,8,,,
7fa5ff80-9d5a-42e7-9b8c-484a0ceb1757,analysis.dance,available,80,18,8,,,
a26294ba-71a9-475a-9276-b65232ec1bb8,analysis.dating,available,80,18,8,,,
fc2aeab6-be15-43a6-a292-f1f6fbf40fa2,analysis.day,premium,80,18,8,,,
a37ef40b-cd1d-4382-ab08-61702fbc69c7,analysis.deal,premium,80,18,8,,,
856f9972-8098-434f-84e0-3564bb4dbca4,analysis.dealer,premium,80,18,8,,,
cf00f4ef-ab3e-4728-b370-a5fedca19b6f,analysis.deals,available,80,18,8,,,
f0827f88-e79c-4469-819c-47a962f280a8,analysis.degree,premium,80,18,8,,,
dc44c9d6-9eb0-4ed4-b402-b6624183acd9,analysis.delivery,available,80,18,8,,,
3124d2b4-cff0-4d18-9e14-318a6fbf2d68,analysis.democrat,available,80,18,8,,,
7886021c-a809-407b-afa1-ab5a9019012b,analysis.dental,available,80,18,8,,,
7ef197d4-4d07-4e2d-a171-7a553e48cc4c,analysis.dentist,available,80,18,8,,,
6487d7db-3ba0-4cd1-bbc4-faf22c2d9074,analysis.dev,premium,80,18,8,,,
6219e752-cd7f-4c12-bf7b-7aaed3b4acee,analysis.diamonds,available,80,18,8,,,
7d14ca52-60b6-49f1-8c1f-975279783714,analysis.diet,available,80,18,8,,,
87686a05-4065-4982-a72f-d79b0a462c5f,analysis.digital,resell,80,18,8,"Sav.com, LLC - 1",13/02/2025 15:15,13/02/2026 15:15
642fe94e-aa61-419b-8fa9-e3f4a84668a6,analysis.direct,available,80,18,8,,,
bc0cf859-eb17-4380-98f3-537620b3ffdb,analysis.directory,available,80,18,8,,,
ce819edb-119e-4821-8de7-1d5daacbf4b3,analysis.discount,available,80,18,8,,,
05aa72ce-2938-4df4-8ffd-474660f01e2e,analysis.diy,sold,80,18,8,GoDaddy,16/09/2025 01:59,16/09/2026 01:59
a10793dd-72fe-4520-8c74-1c7f65f7cdc8,analysis.doctor,available,80,18,8,,,
b3fd389f-18a5-45d0-aa35-da37d6a9d580,analysis.dog,available,80,18,8,,,
3dcb4d6e-c1e4-4965-969d-3cd158a22410,analysis.domains,expired,80,18,8,Porkbun LLC,24/10/2023 11:37,24/10/2025 11:37
719f8caf-2538-42b1-bb46-b0e895e56f91,analysis.energy,available,80,18,8,,,
1e86612a-0e9f-4c6a-a5ac-54e5238f1bdd,analysis.engineer,premium,80,18,8,,,
04ec34b5-2244-4929-b0a8-2109fd9f69a5,analysis.engineering,premium,80,18,8,,,
9a855020-129f-42ab-8ec0-da6afcf12b78,analysis.enterprises,available,80,18,8,,,
cf0a7a4e-3c85-4baf-a18b-b4b5d61c1e2d,analysis.equipment,available,80,18,8,,,
f5659df0-71d4-4089-af01-4889ed5d41fc,analysis.esq,premium,80,18,8,,,
aab6de73-7f50-446f-b5eb-22977e153a9d,analysis.estate,available,80,18,8,,,
913ff629-79b8-4dfc-ab0e-9b5200ddbc2c,analysis.eu,premium,80,18,8,,,
247bf9f9-bc24-427b-aa4e-ce094228d4a8,analysis.events,available,80,18,8,,,
c69763d2-16ab-4f75-ae97-89b64a987326,analysis.expert,premium,80,18,8,,,
4c5b5455-c23d-4f4f-ba7c-2cb67841ad00,analysis.exposed,available,80,18,8,,,
16e2ae42-3c0e-42bb-a1a8-2c228e322263,analysis.express,available,80,18,8,,,
d7333c7b-7a30-4c88-9e37-65dd8644a215,analysis.fail,available,80,18,8,,,
b3a20de1-88aa-4c69-8670-af387353282e,analysis.family,available,80,18,8,,,
7a5e580d-18d7-4646-99a2-85e80f0dc780,analysis.fan,available,80,18,8,,,
ded22887-6d02-4f4d-b68f-31266f80c0f9,analysis.fans,premium,80,18,8,,,
7a434a3e-39c8-4691-8e11-8e0ab6b443f0,analysis.farm,available,80,18,8,,,
e7018c99-00c7-4300-93c2-090cedc9d8d5,analysis.fashion,available,80,18,8,,,
175aa5db-4e07-40f2-99ed-7ae66e905d1e,analysis.fast,premium,80,18,8,,,
78923a9b-fa44-424a-b23d-ff81d0040e7e,analysis.feedback,available,80,18,8,,,
0d7d8699-f734-46c9-a674-2442d484e91d,analysis.film,premium,80,18,8,,,
955b3921-e6c2-44d4-9ee1-cb7c87ff92c6,analysis.fishing,available,80,18,8,,,
005f5fee-c655-4eed-9da1-225783dbb594,analysis.fit,available,80,18,8,,,
2b2d9ac2-c2b8-46ba-9611-73906f19ad94,analysis.fitness,available,80,18,8,,,
81b58855-c131-4506-bb57-091aafd8a4c6,analysis.flights,available,80,18,8,,,
f79b2b1b-5d84-4749-a2ad-c6be55097293,analysis.florist,available,80,18,8,,,
008aebf7-6401-41bf-adbd-9e6e7cb51b7c,analysis.flowers,available,80,18,8,,,
3a023ca1-2103-434a-befd-ae28a31d3026,analysis.fm,available,80,18,8,,,
192398bc-affb-4f66-9458-9208bc27854b,analysis.foo,premium,80,18,8,,,
fd9a3daa-7155-4570-a3d7-52757345982a,analysis.food,available,80,18,8,,,
e1a731b3-1e9e-46d4-865f-8342e1d059d2,analysis.football,available,80,18,8,,,
1e4bfeb0-20d2-4839-b773-c9df816bb072,analysis.forsale,available,80,18,8,,,
1dd292c1-be2a-4dd5-916a-9ebd9c07d274,analysis.forum,available,80,18,8,,,
1c0c4b30-b415-4764-8f6a-c7d824648d6b,analysis.foundation,available,80,18,8,,,
412f648b-fba4-4bcb-b3e4-8cb314ccffde,analysis.free,premium,80,18,8,,,
b970b2b6-3317-4e59-acbe-70a35aac7f03,analysis.fun,premium,80,18,8,,,
bebd2e10-82b1-417c-b84f-4bf1ad73742e,analysis.fund,premium,80,18,8,,,
b3114796-757c-4847-b4b2-24cdffd6da12,analysis.furniture,available,80,18,8,,,
a03f15a8-f1b6-49a8-afeb-cf69a49fecd1,analysis.futbol,available,80,18,8,,,
0722604f-d2b8-4683-821a-8ca6b61957f3,analysis.fyi,sold,80,18,8,"GoDaddy.com, LLC",07/09/2025 19:56,07/09/2026 19:56
e277aa24-c84b-4276-8d3d-9b63b0bb3b85,analysis.gallery,available,80,18,8,,,
0f138648-890e-440c-bb40-990bc670152c,analysis.game,available,80,18,8,,,
58f99bf7-065c-4b23-a5a2-535ea5bc428a,analysis.games,available,80,18,8,,,
12787e41-30b8-44d4-8f8f-3ec852a191fb,analysis.gay,available,80,18,8,,,
8fec3b33-2ab5-434f-8eec-ac42aba86e83,analysis.gift,available,80,18,8,,,
365f2ffb-75a2-4a1c-87dd-fb62fd39cb95,analysis.gifts,available,80,18,8,,,
6763d6c7-8944-4f7f-9f57-fafe8fea3fdc,analysis.gives,available,80,18,8,,,
8f20c86a-5858-49dc-a9a9-d4cdc216bd20,analysis.giving,available,80,18,8,,,
509f3ac3-240c-40e2-b85e-8d4652374ea0,analysis.glass,available,80,18,8,,,
ccf28dfb-7d4c-476a-87e2-a8e14e71d787,analysis.gmbh,available,80,18,8,,,
291251b0-91ba-49f6-8f5e-3abce20fb6a9,analysis.gold,available,80,18,8,,,
7f903af3-9f32-455c-8a66-2de8dd851ada,analysis.golf,available,80,18,8,,,
1499184a-1c80-4d9b-9bd1-6a0a3544b804,analysis.gratis,available,80,18,8,,,
4fc0a2f4-01a1-4487-8e8e-b7b5251e0112,analysis.gripe,available,80,18,8,,,
a095764c-9d1c-4cbe-8dd3-ddbbd301b518,analysis.group,resell,80,18,8,Alibaba Cloud Computing Ltd. d/b/a HiChina (www.net.cn),07/11/2018 23:23,07/11/2026 23:23
329017d1-6ac9-4b77-8fc4-df1e5a53b2d3,analysis.guide,available,80,18,8,,,
61b72402-b287-4359-9c44-c9e5abe7c035,analysis.guitars,available,80,18,8,,,
4bf9f369-ade0-41e2-9834-c108f11b59c6,analysis.hair,sold,80,18,8,"Porkbun, LLC",24/11/2025 09:05,24/11/2026 23:59
4558939f-fc62-45e3-8f8d-32519f36a9de,analysis.haus,available,80,18,8,,,
ee4603c8-8683-40b1-b333-1529b481d653,analysis.healthcare,available,80,18,8,,,
c2216104-8292-4e67-9039-c455bf204592,analysis.help,premium,80,18,8,,,
7e82c2cc-c818-446a-800d-8d06c5bb6ced,analysis.hiphop,available,80,18,8,,,
a3dc3223-3aaa-459a-bf18-f3051aa7a47e,analysis.hiv,available,80,18,8,,,
457de0cf-fc19-4171-8400-de314d777ed7,analysis.hockey,available,80,18,8,,,
3eceab35-d41b-4c72-8120-a83d5b997489,analysis.holdings,available,80,18,8,,,
49668846-5ee8-4019-b895-cad148521544,analysis.holiday,available,80,18,8,,,
303b85da-e254-412b-8d8a-4c9104f28661,analysis.homes,available,80,18,8,,,
0f36eedc-dcee-48fc-a20d-1f5387ae52a1,analysis.horse,available,80,18,8,,,
d9c9c5a1-5b43-4dd7-927a-ac8451f72d10,analysis.hospital,available,80,18,8,,,
19f5b5c4-2f61-4ecc-994f-3e5eba92e623,analysis.host,premium,80,18,8,,,
425c4a6c-b959-40d2-9458-365f7ee39138,analysis.hosting,available,80,18,8,,,
eb150a08-005a-42a6-8198-236619fcda7d,analysis.hot,premium,80,18,8,,,
e408cf83-f31d-4130-83a8-740c5f1be639,analysis.house,available,80,18,8,,,
e531b1ff-10ca-4768-91fb-cf3df4debf72,analysis.how,premium,80,18,8,,,
a14f85a1-8771-41aa-8b26-11e08de2ec11,analysis.im,premium,80,18,8,,,
0e5fcb22-a2c7-4719-97e4-5ce6dd334882,analysis.immo,available,80,18,8,,,
8c84ca3e-44b4-439f-baa8-6b0f5c8f544e,analysis.immobilien,available,80,18,8,,,
a1bdb927-3f1f-4f58-b1fd-fc38d9db9edc,analysis.inc,premium,80,18,8,,,
3634bb95-8018-49d2-b71d-4672052d5658,analysis.industries,premium,80,18,8,,,
0db0a46a-eba8-47ee-8133-ef7e05943641,analysis.info,resell,80,18,8,"GoDaddy.com, LLC",14/09/2001 14:19,14/09/2026 14:19
a5c33060-ff10-4ef8-b74b-731e3564aaf9,analysis.ing,premium,80,18,8,,,
744ac0b2-2e25-47cf-b2cc-a5ff82d7c7a0,analysis.ink,resell,80,18,8,"Spaceship, Inc.",16/01/2025 01:20,16/01/2026 01:20
c7cc33c4-2323-47d6-b393-d8ef5c362e9c,analysis.insure,available,80,18,8,,,
effdf334-ad1f-4ba5-a06f-d4c8df4565cc,analysis.international,available,80,18,8,,,
c485d05d-7a23-4b4f-8abb-681bfa5410ca,analysis.investments,premium,80,18,8,,,
00644296-8bde-4f51-a773-ba83eaab2849,analysis.io,resell,80,18,8,"Sav.com, LLC",09/01/2020 14:30,09/01/2027 14:30
41c07935-a0de-48a3-b66d-60612128df05,analysis.irish,available,80,18,8,,,
1351309d-c606-4783-8bc0-8a822b30fa87,analysis.jetzt,available,80,18,8,,,
5714160d-a698-41d9-b75f-1ed2987e93b8,analysis.jewelry,available,80,18,8,,,
c70bbdfb-425d-48ca-aa33-aad8cd98adb8,analysis.juegos,available,80,18,8,,,
395e3c8a-95e0-49bd-80cf-b1c1eebaa3e8,analysis.kaufen,available,80,18,8,,,
0c9c71e5-0cc2-420a-b064-3f9fd56e63d1,analysis.kids,premium,80,18,8,,,
f526165f-f2da-43e8-a61c-0c4f44c23ca4,analysis.kim,available,80,18,8,,,
7fb81512-6f31-454e-a5a3-38dc67e03521,analysis.kitchen,available,80,18,8,,,
08d12b2b-d169-4c6a-a8a8-f850ef02248e,analysis.la,resell,80,18,8,LA Domain Names,04/09/2019 18:50,04/09/2026 23:59
15544b4d-503b-43ca-9e5e-a973f5c49875,analysis.lat,sold,80,18,8,"NameSilo, LLC",22/11/2025 12:07,22/11/2026 23:59
6c6807a5-0641-4e9c-875d-a6e1787702d3,analysis.law,available,80,18,8,,,
6ba0baa9-8004-4c79-833c-59bbe43e0531,analysis.lawyer,available,80,18,8,,,
837a145a-21d5-49d8-9453-a1496dde33ce,analysis.lease,premium,80,18,8,,,
d89bd214-c571-4c59-8cce-b3b331146c36,analysis.legal,available,80,18,8,,,
674da308-6c4f-49e3-8d00-efe6c5dad333,analysis.lgbt,available,80,18,8,,,
93250be0-f706-42ab-9179-4c7ad7f4be17,analysis.lifestyle,available,80,18,8,,,
39ee6887-0be1-4c46-a5ba-38632fef019d,analysis.lighting,available,80,18,8,,,
8193e841-e575-409d-9800-976ee3518276,analysis.limited,available,80,18,8,,,
b6bb954d-d302-4a49-953c-0cd3cd85d750,analysis.limo,available,80,18,8,,,
cdac1dd6-1091-442b-a617-fcb29c365503,analysis.link,premium,80,18,8,,,
03dc0526-76dc-4690-ace9-787cee01e999,analysis.live,resell,80,18,8,Dynadot Inc,15/06/2025 17:02,15/06/2026 17:02
76936bb5-e979-47ba-8c69-884fde944732,analysis.living,available,80,18,8,,,
f836e4dc-6e1f-47cb-aa78-51e5c8029510,analysis.loans,available,80,18,8,,,
ecb025d3-5668-405f-9ff4-9552a2152da8,analysis.locker,sold,80,18,8,"Dynadot, LLC",26/10/2025 22:41,26/10/2026 22:41
d1ba446c-f95a-49b5-b697-402cbcb42e36,analysis.london,premium,80,18,8,,,
f1164b43-7954-4918-ae6f-aa43a806fd3a,analysis.ltd,premium,80,18,8,,,
a7f21009-67e7-4083-98b0-18de729878f8,analysis.ltda,available,80,18,8,,,
52f59635-31b5-4808-989d-2ad536384fb5,analysis.luxe,available,80,18,8,,,
fa8df96a-9a9d-45ca-9bda-d0c2f86928ac,analysis.luxury,available,80,18,8,,,
51a10f61-43da-4388-bdbd-975bafd42aeb,analysis.maison,available,80,18,8,,,
1ade358f-6b8d-4173-9d55-1fa094bb8072,analysis.makeup,available,80,18,8,,,
7d00195a-c9bd-4156-87d6-0f3c0c680caf,analysis.management,available,80,18,8,,,
7c613ec4-d885-466f-b490-73ff49d651b2,analysis.market,premium,80,18,8,,,
e6bc4d2f-0dd9-4f67-80a4-4ef4cdad7a5b,analysis.marketing,premium,80,18,8,,,
153b61af-3cf9-4ae9-b86b-f6e73c5a8f0f,analysis.mba,available,80,18,8,,,
fe90f0af-a991-4b1b-9930-bf083ba9d771,analysis.melbourne,available,80,18,8,,,
01a7c78a-2f01-4aec-8ad2-94d0fcafee19,analysis.meme,premium,80,18,8,,,
fe812467-34bb-444d-929a-ce0a73ec1419,analysis.memorial,available,80,18,8,,,
8f2967c9-1da0-411e-aa0c-a738e92efb5f,analysis.menu,premium,80,18,8,,,
28943b9b-d5ef-45c4-9b2c-7fa71c355be3,analysis.miami,available,80,18,8,,,
3f26dd0d-102f-4ee6-8220-f45ca3d4ed39,analysis.mobi,available,80,18,8,,,
60621b94-c1d6-4f3b-881d-1ba49d6b71c9,analysis.moda,available,80,18,8,,,
d4b77b12-6137-4420-a0fa-86a42a05ba6b,analysis.money,available,80,18,8,,,
25efdc5f-e2bf-4856-802e-7158a1501e15,analysis.monster,available,80,18,8,,,
072233f4-2737-4dba-8bab-b85a05edeb18,analysis.mortgage,premium,80,18,8,,,
1904a244-0cca-456e-844b-be4f929f1795,analysis.motorcycles,available,80,18,8,,,
5fea42f6-430c-43d8-90de-639c0e60f348,analysis.mov,premium,80,18,8,,,
f49c5d22-d6d6-4c11-acb6-42939adee8a3,analysis.movie,available,80,18,8,,,
f9644ded-186a-4110-9a60-3411c56277c0,analysis.music,premium,80,18,8,,,
90a26caa-d8f5-4955-a2a1-9978f623f447,analysis.mx,available,80,18,8,,,
97fc6fed-818d-4a3b-af02-461f948bd25b,analysis.my,premium,80,18,8,,,
de448fc1-927c-4c0b-bab3-9eac97f34320,analysis.name,expiring,80,18,8,IONOS SE,05/01/2024 12:06,05/01/2026 12:06
09e91d1a-1981-4aec-ae90-2885503b02f0,analysis.navy,available,80,18,8,,,
7cdcbfab-ae22-428f-8c18-995e3cd0fc75,analysis.news,expiring,80,18,8,"NameCheap, Inc.",21/12/2024 21:44,21/12/2025 21:44
29634104-bff8-4977-8de4-63d4e8207074,analysis.nexus,premium,80,18,8,,,
6bcdb14e-ad70-4da5-8f7a-3c12b5dab81d,analysis.ngo,available,80,18,8,,,
6d2ac87e-369a-406b-bb16-13d3d1fdf280,analysis.now,resell,80,18,8,Dynadot Inc,08/07/2025 21:21,08/07/2026 21:21
165e3cb4-7265-48b4-9cbc-11d226f16187,analysis.observer,premium,80,18,8,,,
9f954c30-9e60-424a-bad3-15bf979f9102,analysis.one,premium,80,18,8,,,
8265af5d-f1d5-487f-826c-5e8c60d6b655,analysis.ong,available,80,18,8,,,
2d693b69-f708-4ee4-bddc-f326c6f21d0c,analysis.onl,resell,80,18,8,Dynadot Inc,19/04/2025 19:53,19/04/2026 19:53
16fa5cbf-940a-4870-8650-47555824ff8a,analysis.online,premium,80,18,8,,,
13dd728a-4acf-4b55-9df8-49b257665a14,analysis.ooo,premium,80,18,8,,,
03c71cdc-117c-4766-b58c-03bd9cabe69b,analysis.organic,available,80,18,8,,,
4f10da51-3ad0-4207-aef7-38ec44d56e24,analysis.osaka,available,80,18,8,,,
d3dc43a4-3ace-40db-aba8-9e2faeabb319,analysis.page,premium,80,18,8,,,
f5209fa1-3efe-496e-b7a0-8df9d258937a,analysis.partners,available,80,18,8,,,
ffc3ccef-0cb3-4dbc-98d2-da824ec24a2e,analysis.parts,available,80,18,8,,,
cc9afb17-af69-4f01-bac1-487f9bbf467d,analysis.party,expired,80,18,8,Exclusive Registry Limited,01/12/2014 07:33,30/11/2025 23:59
b1dc6d29-acd2-4297-b237-1f594350f08f,analysis.pet,available,80,18,8,,,
e775dfe2-2de3-4f4d-af3e-de9a19453607,analysis.phd,premium,80,18,8,,,
86d64df0-94b7-4682-b06e-97a46c2fca57,analysis.photo,available,80,18,8,,,
87474aae-3537-4692-9353-e971580b2db6,analysis.photography,available,80,18,8,,,
e2673e0d-be78-4e80-9dd3-7fdb4211a883,analysis.photos,available,80,18,8,,,
1655e59b-45b3-432d-8044-1c6937df01eb,analysis.pics,available,80,18,8,,,
4eafe9e6-e922-4281-8b09-345820c7c1c8,analysis.pictures,available,80,18,8,,,
ac7959a2-bef7-4466-943e-dc0ba8b9a907,analysis.pink,available,80,18,8,,,
ba9de390-b3c6-421a-aa09-fe052103bf9c,analysis.place,available,80,18,8,,,
da9c5100-b89d-42f5-bd9c-3bed876a3241,analysis.plumbing,available,80,18,8,,,
e0712cc8-d9b4-4c5f-8c73-6c94741f83a6,analysis.porn,available,80,18,8,,,
f5fdf079-e32b-43b9-a96f-c782f6254944,analysis.press,premium,80,18,8,,,
b765a325-d838-4b38-9b60-07c31638ddcb,analysis.pro,resell,80,18,8,"Sav.com, LLC - 7",04/08/2024 15:15,04/08/2026 15:15
22878c22-de99-4f08-a013-5d8b740a70c8,analysis.productions,available,80,18,8,,,
19e839d5-1d1b-4b5b-9831-0fb4af078212,analysis.prof,premium,80,18,8,,,
fe14670c-f965-422b-b1dd-a4a3f8a3c390,analysis.promo,available,80,18,8,,,
bc3236d7-7393-478b-9e56-1e1882e2a16c,analysis.properties,available,80,18,8,,,
448c708d-f4d4-4d20-8fc6-403ac88ded43,analysis.property,premium,80,18,8,,,
3a83d147-d67d-41c3-8594-97b84b8c0e91,analysis.protection,available,80,18,8,,,
29972489-75ac-4d4f-9194-13f2b4c1c6b1,analysis.pub,available,80,18,8,,,
45b25044-9c18-41ea-92ab-8d77d2d79be8,analysis.pw,premium,80,18,8,,,
b9f0a7dc-ad55-46a7-995e-e1439d8093f3,analysis.qpon,available,80,18,8,,,
bc58aefd-b3ec-4e11-b1e1-2d106c0919a8,analysis.quest,sold,80,18,8,"Porkbun, LLC",26/09/2025 11:55,26/09/2026 23:59
e95554bf-398c-45e5-97c4-bb8b5919a7c3,analysis.realty,available,80,18,8,,,
f7ef3ef0-8656-4cce-9ce1-e7ff66c3ca54,analysis.recipes,available,80,18,8,,,
cceac7ae-5163-4836-8e8f-696f3710a55c,analysis.red,available,80,18,8,,,
d969f369-6ba2-4b10-8371-a96f5c536c5e,analysis.rehab,available,80,18,8,,,
6b2c8045-47d6-4c12-b37f-db111122c5ea,analysis.reise,available,80,18,8,,,
3f5e8789-d5cf-4f71-a26f-3fd5153b40f1,analysis.reisen,available,80,18,8,,,
2ad78c4e-781e-47e3-bd3e-718ea653c01b,analysis.rent,resell,80,18,8,"Go Daddy, LLC",16/02/2020 22:51,16/02/2026 23:59
56529e80-de8e-49b6-93b9-5a908eba8cd0,analysis.rentals,available,80,18,8,,,
3be5e6de-30b9-44f8-b59a-f852c9c81bb4,analysis.repair,available,80,18,8,,,
18b5e9a0-17f4-47ee-8b63-2cc6a15a6852,analysis.republican,available,80,18,8,,,
e20fbeb9-f3c1-4b80-bb51-ef708c7637ed,analysis.rest,available,80,18,8,,,
03cf732d-eaad-4463-96c5-aca6a18a6888,analysis.restaurant,available,80,18,8,,,
c51c456d-b403-4636-97d7-eef4c4e0abdf,analysis.reviews,premium,80,18,8,,,
2f1c552f-f343-45bc-b35d-5f340e12960f,analysis.rich,available,80,18,8,,,
33d74210-06e5-4a04-94d2-5adfb626b16b,analysis.rip,available,80,18,8,,,
115dbc3d-2f03-43f6-9dd8-67b236487b8e,analysis.rodeo,available,80,18,8,,,
62bd6a91-f1af-4e25-ab8e-d3e58907c8aa,analysis.rsvp,premium,80,18,8,,,
af9e491f-6c11-4f4a-83d6-848aef1782f1,analysis.run,sold,80,18,8,Porkbun LLC,30/09/2023 10:17,30/09/2026 10:17
705a6243-22cc-435a-96d5-7c1d747edd8e,analysis.sale,available,80,18,8,,,
27339583-f230-42a2-89cb-cc5d29f579d4,analysis.salon,available,80,18,8,,,
e9633213-38d5-4a0b-adbf-662cd2a2a375,analysis.sarl,available,80,18,8,,,
06c0443d-ab92-45d2-adb3-3f9ae21a6557,analysis.sbs,premium,80,18,8,,,
7c19450b-1e43-4b32-96e0-cff9501cdcd5,analysis.school,available,80,18,8,,,
474a3d97-2c91-4b7e-97ad-54fba7edf0e3,analysis.schule,available,80,18,8,,,
e305a961-1ea0-4794-a8f6-e841ad08bdf8,analysis.science,expired,80,18,8,Exclusive Registry Limited,01/12/2014 07:43,30/11/2025 23:59
325a92d0-0150-4a53-b3f3-a900b2887b82,analysis.security,available,80,18,8,,,
96e0cfb2-13a7-4b7d-8cb3-6babf63a6f19,analysis.sexy,available,80,18,8,,,
d7df8456-1dc2-4259-8419-91a143c9b560,analysis.sh,sold,80,18,8,Key-Systems GmbH,07/09/2019 07:59,07/09/2026 07:59
495d287f-39b1-4c26-a8a1-029b66ac60ab,analysis.shiksha,available,80,18,8,,,
135bd303-44cd-4158-844d-8469ec42d89e,analysis.shoes,available,80,18,8,,,
11dd4acb-884d-46ce-b64c-c7cdc6a340af,analysis.show,available,80,18,8,,,
bd8e1a52-c58a-4a89-a9b3-4ade113edacf,analysis.singles,available,80,18,8,,,
6ba841bc-838b-4d4d-9690-ba9123a651e5,analysis.site,premium,80,18,8,,,
9e3e561d-1859-4461-ab0f-12c7754c1f05,analysis.ski,available,80,18,8,,,
cd5880b5-cbd2-4495-8222-5497e7a07a00,analysis.social,premium,80,18,8,,,
1cce0218-71f2-4afd-b9ce-7867360bc9d6,analysis.software,premium,80,18,8,,,
5a8c86fe-85f7-4af1-88be-3d3ea2503e70,analysis.solar,available,80,18,8,,,
16ab3be1-45a3-4921-bd55-8929efaf8f45,analysis.soy,premium,80,18,8,,,
4029ceba-009d-4b30-99d3-7890bc961d78,analysis.spot,premium,80,18,8,,,
e9a7cec2-c758-4689-b203-285b7d8b5cee,analysis.srl,available,80,18,8,,,
dde0e949-5c2a-4fb4-aeda-e5d407ad919d,analysis.storage,available,80,18,8,,,
a64256d4-d8e5-4d95-bbd8-f9abb2f3d3d2,analysis.store,premium,80,18,8,,,
65e393cd-713b-422b-ae19-35932af7117b,analysis.stream,premium,80,18,8,,,
b5e42e16-b821-48c0-b2cd-e9f00f4ee288,analysis.study,premium,80,18,8,,,
0c052a65-f1e7-4863-bfd4-31278c328887,analysis.style,available,80,18,8,,,
58aa4764-c7c1-4724-b6a2-6183084e7f3c,analysis.sucks,available,80,18,8,,,
9840e4d8-15e0-49e0-b730-52ae2646d20f,analysis.supplies,available,80,18,8,,,
a497ab46-e8ad-43a7-8196-b5e256246116,analysis.supply,available,80,18,8,,,
81ed8e6a-928d-4069-a438-3ed9483d6980,analysis.support,available,80,18,8,,,
a28a5409-4c72-463f-b3be-b73f3701a551,analysis.surf,available,80,18,8,,,
c90853cc-4b3a-4b26-920f-bcb7578899f7,analysis.surgery,available,80,18,8,,,
78b0dc9c-3456-492b-a3ec-d73aa1f75f6d,analysis.sydney,available,80,18,8,,,
654a7e11-9987-462c-b431-d8f7f084d177,analysis.systems,expired,80,18,8,"NameCheap, Inc.",23/09/2024 11:37,23/09/2025 11:37
393e438e-6e4f-4168-abb2-91305cd96492,analysis.talk,premium,80,18,8,,,
986c8403-79e4-4e86-921c-299fad571c32,analysis.tattoo,available,80,18,8,,,
bf5ce49b-d64e-488f-a0f9-df2508d5846c,analysis.tax,available,80,18,8,,,
81fcf9c1-fada-4d5b-8396-0dcf50003b83,analysis.taxi,available,80,18,8,,,
2d776b1f-c965-414f-834e-b3c87c0d2612,analysis.tech,sold,80,18,8,"Go Canada Domains, LLC",05/08/2015 16:00,05/08/2026 23:59
85701b46-4922-476d-9c45-8c9ba714bb7d,analysis.technology,available,80,18,8,,,
ccd9222e-bf07-41ce-98a4-9f2217eebd00,analysis.tel,available,80,18,8,,,
e518ddcc-e288-470a-bcae-90dfe016bdb2,analysis.theater,available,80,18,8,,,
9b63bd4a-b39d-4bb0-8ff9-a3528da7e168,analysis.theatre,available,80,18,8,,,
0f501da1-dedf-4d14-8f80-b7179b279b08,analysis.tickets,available,80,18,8,,,
e484d6a7-97b3-4a28-a68e-f4cb5b17855d,analysis.tienda,available,80,18,8,,,
e1cbdd2e-75fb-419a-8689-352d586965bd,analysis.tips,resell,80,18,8,"GoDaddy.com, LLC",31/03/2014 20:54,31/03/2026 20:54
46943934-22ff-4d2e-bc2b-04717c45b78c,analysis.tires,available,80,18,8,,,
397c84e6-2bc0-4ba9-9065-1e5f3bcfe248,analysis.tours,available,80,18,8,,,
c5003bd2-1e90-4f80-a77e-112907169d94,analysis.town,available,80,18,8,,,
1e5d3c3f-f5d6-4d34-972e-8f909811fc14,analysis.travel,available,80,18,8,,,
40407e24-9a32-45d2-aa1d-44f9c36f6b6d,analysis.tube,premium,80,18,8,,,
d5b9d9f9-de3b-4553-9d1b-fa3f9868d285,analysis.tv,resell,80,18,8,"GoDaddy.com, LLC",20/01/2006 03:58,20/01/2026 03:58
e9f9b642-91d6-42ae-b5b0-2900b10acf4d,analysis.uk,resell,80,18,8,"GoDaddy.com, LLC.",18/06/2014 06:13,18/06/2026 06:13
59313f85-c73e-42ff-a76d-4b5105e5b52a,analysis.university,available,80,18,8,,,
550e8d73-4406-4850-886a-75e0922efc49,analysis.uno,premium,80,18,8,,,
85147e52-5f0f-49d9-80d3-5323146fe382,analysis.us,resell,80,18,8,"Spaceship, Inc.",18/07/2023 00:00,18/07/2026 00:00
10948fe5-5f53-4820-9c6d-910c5a929260,analysis.vacations,available,80,18,8,,,
3e49f742-5511-4943-a12a-09fb1c6a35a1,analysis.vana,available,80,18,8,,,
d65bde53-de25-4743-ba6a-a505f0f1245c,analysis.vegas,sold,80,18,8,"GoDaddy.com, LLC",11/09/2014 14:09,11/09/2026 14:09
c4a19d28-a631-4678-af92-1836b6d0464e,analysis.ventures,available,80,18,8,,,
7fe24522-ff03-4415-841b-7093787913f0,analysis.vet,available,80,18,8,,,
8f55af6a-3cf5-40ea-b788-84ad01ae43da,analysis.viajes,available,80,18,8,,,
a3cfecba-b39e-4fa4-b31c-fcd5052e3ae3,analysis.villas,available,80,18,8,,,
b7a33702-708c-45f8-a3de-f494490658c1,analysis.vin,available,80,18,8,,,
cbc7f5c2-0bad-4334-baf6-6386b24d89d0,analysis.vip,premium,80,18,8,,,
6165ae92-d3cc-4385-8851-b8caa5a00716,analysis.vision,available,80,18,8,,,
fb4bdb43-c1da-4546-8a6c-fcfdd472c176,analysis.vodka,available,80,18,8,,,
5a116628-43aa-4633-9826-fd8de07653ef,analysis.vote,available,80,18,8,,,
a54a2d2a-270f-440b-980f-1b22a7c3e786,analysis.voting,available,80,18,8,,,
74facf5a-231e-4a92-8915-adc43bf8915d,analysis.voto,available,80,18,8,,,
8e27b897-74a9-477e-a617-0175d3d05cb4,analysis.voyage,available,80,18,8,,,
af0899f6-131e-4152-b3f7-ad5babb29a6d,analysis.watch,available,80,18,8,,,
9db4ab5e-5a8c-41fc-8b4b-9c911494a389,analysis.website,premium,80,18,8,,,
14a4fd50-64ce-4950-a9af-79b0c4519b4e,analysis.wedding,available,80,18,8,,,
95c9ab79-3941-4a15-8395-e4dbb42e7a8c,analysis.wiki,sold,80,18,8,Porkbun,27/09/2024 05:32,27/09/2026 05:32
478cb531-6031-4799-94df-f26b40b59691,analysis.wine,sold,80,18,8,"GoDaddy.com, LLC",20/09/2017 15:30,20/09/2026 15:30
497a0985-3772-42f6-acf5-b4d9b6f33b76,analysis.work,resell,80,18,8,West263 International Limited,18/08/2021 14:05,18/08/2026 14:05
681abd28-0b68-4222-a6d7-bb28835082ff,analysis.works,sold,80,18,8,"GoDaddy.com, LLC",11/09/2014 07:33,11/09/2026 07:33
e685730a-83c5-4135-b498-c6393f977ead,analysis.world,resell,80,18,8,"DNSPod, Inc.",21/07/2021 23:47,21/07/2026 23:47
4276d63b-9370-47ce-8c46-1840aa1c761f,analysis.wtf,available,80,18,8,,,
70fff3f1-b90f-40cf-9d0b-38790704b25c,analysis.xyz,resell,80,18,8,"Unstoppable Domains, Inc.",14/11/2019 06:05,14/11/2026 23:59
9b92445f-6ada-424b-bc6f-8199fed36034,analysis.yachts,available,80,18,8,,,
3b7ac254-2332-4e8a-b805-6006cd64a1d8,analysis.yoga,available,80,18,8,,,
7010f329-068a-4ce7-b71b-088f91d2b723,analysis.you,premium,80,18,8,,,
bad9a5ca-c195-42a6-8c3b-d1b0292a9fa1,analysis.zip,premium,80,18,8,,,
cef19419-a672-4d6e-8799-50a0d425340c,analysis.zone,available,80,18,8,,,
e15d0f0b-abd2-4081-ae66-7ca12036fd6d,remotesensing.at,available,,84,14,,,
2924a1a3-315a-489b-8272-91edf9d3ad5a,remotesensing.cloud,available,,84,14,,,
24cb6c14-6744-4905-8650-4a34874849e2,remotesensing.expert,available,,84,14,,,
6a487310-3ef5-462d-ba8f-984de6789085,remotesensing.gg,available,,84,14,,,
3f784e09-4fe4-4263-9e37-bd322e2338f0,remotesensing.me,available,,84,14,,,
625b30dc-9f21-4c59-bd4d-371e9f71aa16,remotesensing.ninja,available,,84,14,,,
9009cf7d-f289-4e6c-abaf-ee3bbdedbb06,remotesensing.online,available,,84,14,,,
c95a063d-456c-4b00-bb00-725e043385ea,remotesensing.site,expired,,84,14,"Go Daddy, LLC",10/05/2024 18:08,10/05/2025 23:59
0bf43b3d-72b5-48a6-aa22-c1a7b1590440,remotesensing.so,available,,84,14,,,
4d5532ab-89ef-4276-a9c2-972a0b5634d4,remotesensing.store,available,,84,14,,,
e51d9ae7-79be-4d2a-b465-6c7d79ff9209,remotesensing.tech,available,,84,14,,,
d4160421-546b-4272-9080-cc66b37959e3,remotesensing.xyz,premium,,84,14,,,
caf271a4-8c35-4154-97c2-d7987c962c03,remotesensing.zone,available,,84,14,,,
9164a4dd-a16b-4efd-a23b-6137a5a7e8ea,hydrology.app,premium,54,80,9,,,
ca8e7f48-1128-4d84-8f04-7789d1ddf9ec,hydrology.at,available,54,80,9,,,
06e276c6-d9e2-45ce-be64-10ede9e5e4e3,hydrology.dev,available,54,80,9,,,
2593c253-bc2e-4e82-9aeb-63d8124b4226,hydrology.expert,expiring,54,80,9,"GoDaddy.com, LLC",04/07/2019 19:22,04/07/2025 19:22
6ada32c3-f135-4e30-b1eb-126b156b7405,hydrology.gg,available,54,80,9,,,
92eaa812-39bf-4df3-8586-953996a8cbb3,hydrology.it,resell,54,80,9,,22/08/2013 16:00,05/09/2025 00:00
e2dbe7c8-3d7f-48db-8285-605b7a5f955e,hydrology.me,available,54,80,9,,,
c985ed35-133a-48cf-92e7-009a7b888718,hydrology.ninja,available,54,80,9,,,
cf68c8cf-1a92-4db1-aae4-513ecc381011,hydrology.org,expiring,54,80,9,Moniker Online Services LLC,18/07/2001 10:33,18/07/2025 10:33
80096940-4138-4681-ba4d-7d3260e9c75b,hydrology.so,available,54,80,9,,,
c0cd7d80-9760-4b1f-a63a-8f46c0273d10,hydrology.space,available,54,80,9,,,
c2761be6-a2ab-4e2d-900b-a5d3bef08cc9,hydrology.store,available,54,80,9,,,
3b6fdb00-095b-4234-8973-afab59886b6d,hydrology.xyz,resell,54,80,9,Dynadot LLC,12/01/2021 11:23,12/01/2026 23:59
5598df73-00a9-4245-b4e5-9e63f2b92651,hydrology.zone,available,54,80,9,,,
92837d6c-d916-4dd9-9c3e-bdb41e87b35b,humangeography.ai,available,54,72,15,,,
efebbc78-caaf-4129-97da-1c1f2f719025,humangeography.app,available,54,72,15,,,
48117dd5-7cdb-4670-81fb-843e87cb3fc9,humangeography.at,available,54,72,15,,,
b541b800-6f69-4d13-860f-367d4028b0b7,humangeography.cloud,available,54,72,15,,,
01f40944-c9cd-45e5-9e5b-5799494c340b,humangeography.co,available,54,72,15,,,
401cc6e5-861f-4593-ae83-3eadd213b000,humangeography.dev,available,54,72,15,,,
5852ed56-37e0-4aea-b72a-9da43b1e93d4,humangeography.expert,available,54,72,15,,,
81faf4c5-57e5-43e5-a94e-9ff0d84b922a,humangeography.gg,available,54,72,15,,,
a08ce71d-7847-4cd5-bf0b-bfb6e9188204,humangeography.io,available,54,72,15,,,
f0534bef-0a9f-40c7-8c85-0b3ff6e80adf,humangeography.me,available,54,72,15,,,
5cc2d56a-44d4-4aa2-bda2-6202919782a1,humangeography.net,available,54,72,15,,,
1cc232d8-0b23-49ef-b41f-5b2de3d8f50a,humangeography.ninja,available,54,72,15,,,
f9081953-2aac-44cd-b09f-ff3b9fb38da2,humangeography.pro,expired,54,72,15,"Sav.com, LLC",16/05/2024 14:08,16/05/2025 14:08
52200dcc-c0e3-4463-8ed8-8fed0aa98809,humangeography.site,available,54,72,15,,,
bbd0dea8-ab7d-4dc6-9f41-76fed378805e,humangeography.so,available,54,72,15,,,
c175b365-5345-4481-8e5f-c42229c63f2d,humangeography.space,available,54,72,15,,,
ab57c577-ca43-4519-b42d-d226bb7a80d4,humangeography.store,available,54,72,15,,,
0b537103-a4f5-4f28-9be7-468f447356ae,humangeography.tech,available,54,72,15,,,
7d59e3d8-b086-4b62-a47a-712ca726860a,humangeography.us,available,54,72,15,,,
ef867362-c0e2-41ac-ba66-d5160bedb7ba,humangeography.xyz,available,54,72,15,,,
4b89a38a-44e3-49ea-9a86-3c782e4ee8a4,humangeography.zone,available,54,72,15,,,
61ceb7ab-ea32-4a9c-935b-6de7b5fbbcba,demography.ai,resell,60,80,10,Porkbun LLC,13/12/2023 22:50,13/12/2025 22:50
62bc5022-e240-4a74-bf74-512eaff7bb7a,demography.app,available,60,80,10,,,
599d2ec7-73f6-4a08-86a2-2c2cafdad8b7,demography.at,available,60,80,10,,,
7f69eda5-b4b2-43f7-8836-04d40b00b20a,demography.cloud,available,60,80,10,,,
e51febca-3ed0-4323-8397-1cbc688af8bb,demography.com,resell,60,80,10,"GoDaddy.com, LLC",04/03/1997 05:00,05/03/2030 05:00
5303e81d-72bd-4f71-ac5f-ebb406ed3e4a,demography.dev,available,60,80,10,,,
91db7ab2-18f5-4ee8-a9c8-d95b69f15123,demography.expert,available,60,80,10,,,
7d291e7b-b010-478b-b329-cf6c6c404c95,demography.gg,available,60,80,10,,,
2f35e280-c2b8-435e-9703-9e8dec64bba6,demography.it,expiring,60,80,10,,28/06/2015 16:00,14/07/2025 00:00
2c989f21-bc5c-40bc-811e-e2f51d7faba9,demography.me,available,60,80,10,,,
15b8f4c0-b88a-4d99-a2b6-2f7100721c12,demography.ninja,expired,60,80,10,Cronon GmbH,13/05/2021 08:26,13/05/2025 08:26
29f51aeb-4af6-4fbf-8286-1818c1c9b59c,demography.pro,available,60,80,10,,,
cac02823-ee3d-4310-87e0-803b3d4cb8e0,demography.so,available,60,80,10,,,
1c6d300a-0604-4d15-bea8-666af7a5c124,demography.space,available,60,80,10,,,
d6c38085-9423-44d2-8a82-5738a3540bac,demography.store,available,60,80,10,,,
be59e87c-6d3a-4e37-b96c-08fcb4c67ade,demography.tech,available,60,80,10,,,
559335c8-257a-4ba6-8070-eea1cb83e1b9,demography.zone,available,60,80,10,,,
df20c739-2948-421a-876e-b6692872cb02,spatial.app,resell,56,84,7,"GoDaddy.com, LLC",24/10/2019 07:34,24/10/2025 07:34
db815d6e-fa1d-4d16-86e9-4a68e0bba15e,spatial.at,sold,56,84,7,T-Mobile Austria GmbH ( https://nic.at/registrar/60 ),,
b54c8cbc-6e93-4a1a-9511-0bec30757a35,spatial.co,expiring,56,84,7,Dynadot Inc,21/07/2010 03:00,20/07/2025 23:59
b608f68a-6ec5-40e3-8a5b-58ecc340ea8f,spatial.dev,resell,56,84,7,"GoDaddy.com, LLC",13/02/2022 19:21,13/02/2026 19:21
7b3791fb-7a7c-4a27-b1da-d26ceaf64952,spatial.gg,resell,56,84,7,Dynadot Inc. (https://www.dynadot.com),,
0c45d852-2994-4ad9-979e-d7fbd566dc1f,spatial.it,resell,56,84,7,,03/10/2017 16:00,03/10/2025 00:00
c87fb0ba-7072-464b-8275-42054f58aaaa,spatial.online,premium,56,84,7,,,
039e79c0-4455-4bc3-af4e-6fa483a2e0f0,spatial.store,resell,56,84,7,"NameSilo, LLC",17/06/2019 18:12,17/06/2026 23:59
e5a5bfaf-97bc-4361-8ccb-e721a065a6e4,spatial.xyz,expiring,56,84,7,Squarespace Domains II LLC,26/07/2014 01:14,26/07/2025 23:59
79ab920c-fae0-4b0d-a7b9-f83687084d12,map.ac,expiring,78,36,3,Porkbun LLC,29/12/2022 15:15,29/12/2025 15:15
d558f9b1-cbbe-424b-be09-d35232d8813e,map.accountant,available,78,36,3,,,
d8f9cbc8-477a-4ee2-b481-c17d7200b9f0,map.adult,available,78,36,3,,,
5c24428a-a568-4cd8-b5b6-27971fb1af6d,map.agency,expiring,78,36,3,Porkbun LLC,01/01/2019 23:25,01/01/2026 23:25
0fa1b5c3-0ea4-4713-a61a-2425a7839418,map.apartments,available,78,36,3,,,
fe2f7f5c-eb21-4d2c-bedf-0cb0400c3a60,map.app,resell,78,36,3,West263 International Limited,17/07/2019 03:35,17/07/2026 03:35
e8d3733f-4383-46aa-8566-53e5f6fd0e9b,map.archi,available,78,36,3,,,
27dcb74c-ee83-4f03-be90-51c5d77e8cdc,map.art,available,78,36,3,,,
ca494527-e95a-425a-bea2-81e900c4922a,map.asia,available,78,36,3,,,
5ede50fd-6569-4de3-8154-6e70fcaf2cfd,map.associates,available,78,36,3,,,
e5c79aa5-2173-4416-a39f-585ed6e28611,map.attorney,available,78,36,3,,,
8d428b1d-b37c-4395-b9fa-87f02f624a78,map.auction,available,78,36,3,,,
9dd2aafb-0506-4d17-9c70-1252fda73476,map.auto,available,78,36,3,,,
f847f643-3e54-4f35-8c9a-0d1e9a359366,map.autos,resell,78,36,3,"Sav.com, LLC - 48",18/08/2025 14:12,18/08/2026 23:59
5e8ab548-a9c4-4965-92a9-d6c9a855bf1b,map.baby,resell,78,36,3,Namecheap,19/03/2023 10:03,19/03/2026 23:59
d196a5ba-d6a2-4f9b-b249-10abd998edc0,map.band,available,78,36,3,,,
6227b689-a505-48c0-a32e-4f159087a044,map.bar,available,78,36,3,,,
8054c547-3d18-479c-b3de-66f71e5c8805,map.bargains,available,78,36,3,,,
350fb60a-7412-401b-87dc-a78f97ac16fe,map.bayern,available,78,36,3,,,
6b275483-82b1-4842-bbf2-25a2f56774d2,map.beauty,available,78,36,3,,,
f92e0bcd-f7dd-4656-810b-622c057e91d9,map.beer,available,78,36,3,,,
37768bd3-e461-4b02-8717-65c2f250b503,map.berlin,resell,78,36,3,,27/11/2015 16:02,27/11/2026 16:02
31b7f3d3-9b8c-48af-a7be-dd6655a2e10b,map.bid,available,78,36,3,,,
a3993ab2-39a0-4b41-a33e-2c11c3721baa,map.bingo,available,78,36,3,,,
7b152558-37ec-4d87-8ef9-696e1ed48e09,map.blackfriday,available,78,36,3,,,
86652570-872a-4136-b051-5fce341be038,map.blog,available,78,36,3,,,
3188454c-a633-4bc6-8eff-f79e51bd2984,map.blue,resell,78,36,3,Gandi SAS,27/04/2015 14:57,27/04/2026 14:57
ab22be39-f9d1-40ba-8ab7-1c4f0d38a3aa,map.boats,expiring,78,36,3,"Spaceship, Inc.",30/12/2024 01:08,30/12/2025 23:59
d6f7598f-f857-422b-b7f5-ebb4e40fdbc5,map.bond,resell,78,36,3,Dominet (HK) Limited,15/11/2020 15:24,15/11/2030 23:59
9903b240-bafa-438b-855c-2fd4010058f4,map.boo,available,78,36,3,,,
faeb4b1e-6007-4444-b6c1-7f271b158a7e,map.bot,available,78,36,3,,,
4c1a9c76-d771-4899-97a5-e59f736a871c,map.build,available,78,36,3,,,
028f4d5b-d460-4c6f-be05-da29338e74c3,map.business,resell,78,36,3,"Global Domains International, Inc. DBA DomainCostClub.com",10/06/2018 22:06,10/06/2026 22:06
bd655612-f37e-4421-9891-62c715b01f24,map.buzz,available,78,36,3,,,
9f8df6bd-0d78-4b00-86d3-1743d1a99fb8,map.cam,available,78,36,3,,,
312fef88-0f02-478e-99fd-63720508502d,map.camera,available,78,36,3,,,
636df1f6-d26b-4d2b-8087-8b290d694aab,map.car,available,78,36,3,,,
60bda25b-f2c8-4ef7-a6ae-22baf0fbab42,map.cars,expired,78,36,3,"Go Daddy, LLC",19/10/2021 15:32,19/10/2025 23:59
e4407963-78f0-44ea-8244-6289f6fbed67,map.cash,resell,78,36,3,"Xiamen ChinaSource Internet Service Co., Ltd",11/03/2025 15:15,11/03/2026 15:15
219c9990-7582-477e-a623-5a7c89648a82,map.catering,available,78,36,3,,,
38d831be-d5ef-48f2-98c1-8fde94c1c251,map.cfd,available,78,36,3,,,
c1f68d6c-3b95-4e57-823e-bccc619ecf72,map.charity,available,78,36,3,,,
0c372b1a-12bc-4b57-b844-57c334b394a0,map.chat,resell,78,36,3,Epik LLC,29/05/2015 14:27,29/05/2026 14:27
718b345d-398d-4f32-ae99-0d9510705c37,map.christmas,available,78,36,3,,,
8e88ad93-538b-4f7a-8735-b414329797b1,map.city,resell,78,36,3,Dynadot Inc,05/08/2015 16:00,05/08/2026 16:00
ff24cd0f-521a-462e-b5ed-691de2328214,map.cleaning,available,78,36,3,,,
9bfbc631-2e6d-42d5-9d46-b280d19cf0a1,map.clinic,available,78,36,3,,,
1d7883a9-70f9-451c-a1ba-73bdefdfdcb7,map.clothing,available,78,36,3,,,
9821bdf9-622e-4621-8ab3-7f50ec342146,map.cloud,resell,78,36,3,Tucows Domains Inc.,12/02/2020 14:39,13/02/2026 14:22
f6dcba09-0b83-4cf2-a176-dee5c20a6ff9,map.co,resell,78,36,3,"GoDaddy.com, LLC",24/02/2010 22:43,23/02/2026 23:59
a6c73fea-664f-4f6d-9f46-725ec6f87b65,map.coffee,expiring,78,36,3,"GoDaddy.com, LLC",09/12/2024 14:11,09/12/2025 14:11
2ca1bcf7-c2f2-4814-abce-8a6163b92bce,map.college,available,78,36,3,,,
8de14d6c-4ed6-434e-838c-7009be395420,map.company,resell,78,36,3,"Xiamen ChinaSource Internet Service Co., Ltd",28/10/2024 15:15,28/10/2026 15:15
0add7bd2-8b94-4222-aa4c-55e8f9872145,map.computer,available,78,36,3,,,
286cf669-262c-4345-a9fa-a35a27cb907f,map.condos,available,78,36,3,,,
4cf252ce-c3c1-42d6-89bd-c5a84e963c28,map.contractors,available,78,36,3,,,
076aeb15-6299-4c24-8719-5515927e0716,map.cooking,available,78,36,3,,,
efd02f5d-6a5e-41ed-a3fe-f8ce1006f4a5,map.cool,available,78,36,3,,,
90f96844-2868-407c-abf4-58d091ac9f68,map.country,available,78,36,3,,,
e3e1a8f8-b91b-4890-9d29-a5552495150a,map.coupons,available,78,36,3,,,
a8b74f31-b75c-4d48-b12f-8699eb67f83a,map.courses,available,78,36,3,,,
d8a2c3b4-8ae4-4f36-9f23-17646edc4562,map.creditcard,available,78,36,3,,,
98332dc0-c668-427b-86d4-9ae4b05a0996,map.cricket,available,78,36,3,,,
0726b9c6-d948-4e7b-a4aa-241c343af1e0,map.cruises,available,78,36,3,,,
d7dad6df-cb3a-434f-b07a-4e151b473da9,map.cyou,available,78,36,3,,,
d1b12f89-0c0c-4f9d-9c4f-4285cb418b76,map.dad,available,78,36,3,,,
f05f6b52-1689-4d52-8d41-a8234f2656ca,map.dating,expiring,78,36,3,"GoDaddy.com, LLC",21/12/2021 22:09,21/12/2025 22:09
2a5875f5-2874-41d9-90b7-7d8f3b26a5ac,map.day,available,78,36,3,,,
6bd97844-26e1-470a-8569-02d430bcc5d5,map.deal,available,78,36,3,,,
01a0b0fb-1b02-41b7-aa10-d193ef305c9f,map.dealer,available,78,36,3,,,
43878ead-8aa9-453d-b40b-97e45ac883ae,map.degree,available,78,36,3,,,
ec9b42c5-c514-4ce9-9670-fc021b9d5bfb,map.delivery,resell,78,36,3,Dynadot Inc,25/03/2025 19:07,25/03/2026 19:07
6b46ebab-c759-492b-94af-763ab0ca76f0,map.democrat,available,78,36,3,,,
970146aa-2a20-400c-aab9-02f1f2844c90,map.dentist,available,78,36,3,,,
62b03190-02e6-45e8-9759-940b057378b4,map.design,available,78,36,3,,,
5eeeee2c-b62e-498a-a9e4-0547187d6720,map.dev,premium,78,36,3,,,
2514c430-ed06-4060-9db4-8b108fca6889,map.diamonds,available,78,36,3,,,
77a89ced-cea7-4575-9974-69c6e0e1a5ca,map.diet,available,78,36,3,,,
0eea099f-7515-4877-8813-55eb87c33873,map.discount,available,78,36,3,,,
66c86ae1-4d44-4cdf-9450-07f9db79b7e2,map.diy,available,78,36,3,,,
b9b7424a-282e-4e68-ac24-3b574f3e95bb,map.doctor,resell,78,36,3,"GoDaddy.com, LLC",16/04/2025 04:26,16/04/2026 04:26
9f7cb8fa-59ec-47e0-b9bd-3a9bbc4c5fd0,map.dog,expired,78,36,3,Porkbun LLC,25/10/2019 09:46,25/10/2025 09:46
a6606ff3-7bc6-4fb4-82ce-581f4fd68f6d,map.download,available,78,36,3,,,
6981173e-a5df-46be-b685-8c26ca6fcf3b,map.education,available,78,36,3,,,
e81cf0d6-ffea-453b-9dba-517384d9e039,map.engineer,available,78,36,3,,,
0680ea82-612c-4f4c-8dda-2f0d6662dc9c,map.engineering,available,78,36,3,,,
af63d178-8d02-4e9d-aaec-6b5a0a9b41ad,map.enterprises,available,78,36,3,,,
ee1b0ae8-aec3-4bf3-b253-b9b0f0e546a0,map.equipment,available,78,36,3,,,
d8fdef10-002b-467c-aff2-1cdd4446794a,map.esq,available,78,36,3,,,
21e8ae1f-662c-441f-b174-6f842599900e,map.exchange,resell,78,36,3,Dynadot Inc,13/04/2020 07:41,13/04/2026 07:41
783a8351-f5ad-4208-9954-25a0ee600ad5,map.exposed,available,78,36,3,,,
b91b44de-aed2-4679-9e06-174be31a4dbc,map.faith,available,78,36,3,,,
8417200f-2497-4568-bbe1-77b6989df347,map.fan,available,78,36,3,,,
5485dae4-c28c-4e03-ba87-fb16c7406500,map.fans,available,78,36,3,,,
d2b63143-1197-4fe6-82ef-07ccc92cee1b,map.fashion,available,78,36,3,,,
7030f57b-fa4e-4a86-bb62-93df1603c04b,map.fast,available,78,36,3,,,
e2715015-d47a-40ae-a82a-023facacce95,map.film,available,78,36,3,,,
15141706-0d9d-4e0b-b71d-456d1d25059d,map.finance,resell,78,36,3,"NameCheap, Inc.",05/07/2023 19:18,05/07/2026 19:18
694294e4-42ba-4006-a3f5-cc6c1c68187d,map.financial,available,78,36,3,,,
4303e05e-11ff-45a8-83fb-3eb8364920b4,map.fish,available,78,36,3,,,
d36ce1f6-e30d-4ca2-a02b-aa7b569eca9c,map.fishing,available,78,36,3,,,
e3de2bf0-3e6c-4d86-91c0-b7f884ba6a02,map.fitness,available,78,36,3,,,
93e09f97-d722-4bba-bd74-0e1f134657a0,map.flights,available,78,36,3,,,
fe5e6b88-5c0b-48c9-b84a-dd3bfb62c81c,map.florist,available,78,36,3,,,
ab66f76a-cfb4-4cac-a2ed-e0e66d396e7e,map.flowers,available,78,36,3,,,
386adb90-ec0d-4b0e-8734-7266eb03d081,map.foo,available,78,36,3,,,
c6e89ea0-a59b-4298-a865-6c8962719bfe,map.food,available,78,36,3,,,
449e87ea-6ca7-4fac-aee1-6a607bb27f38,map.football,available,78,36,3,,,
dd690063-5510-4166-a712-d968fcfc725d,map.forsale,available,78,36,3,,,
271ac691-474b-4b4f-8299-f4f3f0f386c2,map.forum,available,78,36,3,,,
fe740f2f-8601-46c9-b9eb-c7ebe51ecbff,map.free,available,78,36,3,,,
97e76b09-d2b4-46e8-89ed-9273ccdde39e,map.furniture,available,78,36,3,,,
47f0567d-ba06-4c93-a9a1-843c71aa5117,map.futbol,available,78,36,3,,,
85e6c7dd-45c9-4d04-8535-cebc42d39bff,map.game,available,78,36,3,,,
56588920-e9d3-4985-b2e6-6b9d92f32d2d,map.gay,available,78,36,3,,,
640e9e65-4aa0-46db-bfe3-6aa3cc521911,map.gift,available,78,36,3,,,
558da8d2-d090-4760-b139-154c539983b8,map.gives,available,78,36,3,,,
cd9bc0c3-2123-4fbb-a6d4-f509192da03c,map.giving,available,78,36,3,,,
819aceb8-c4c1-4610-a6e8-492149db53a6,map.gold,resell,78,36,3,Xin Net Technology Corporation,24/03/2018 16:16,24/03/2030 16:16
79cfffcc-a774-4853-b5aa-023c92c14516,map.golf,expiring,78,36,3,"NameCheap, Inc.",05/01/2025 15:40,05/01/2026 15:40
1599998b-979d-45a9-abdd-966148d95fdd,map.graphics,available,78,36,3,,,
baf02f6b-de44-432f-92ca-31d7621b0e61,map.gratis,available,78,36,3,,,
97490dc2-e4af-4af3-9848-85f008a3b01c,map.green,available,78,36,3,,,
66f43cbe-f0f0-4cea-a561-03f5549267e2,map.gripe,available,78,36,3,,,
d900f126-a8b7-4075-b7c4-e9d6dc97c5e5,map.group,resell,78,36,3,"NameSilo, LLC",04/11/2017 10:36,04/11/2026 10:36
3e3a6df9-eca6-4ac7-830d-5bf7ec1d1e44,map.guitars,available,78,36,3,,,
f68402eb-f9c2-4d28-9006-565db8d510db,map.hair,available,78,36,3,,,
02264d9e-726d-481e-8e4d-391d60a17f6c,map.haus,resell,78,36,3,"Global Domains International, Inc. DBA DomainCostClub.com",18/02/2019 02:13,18/02/2026 02:13
8d9444a7-d1b6-46a6-8b07-8ff1c741341f,map.health,available,78,36,3,,,
0b2a4dae-cab5-4215-a18c-a7d24c40be27,map.healthcare,available,78,36,3,,,
78795c5f-1d2e-4c4f-a22a-2dcda2fb28a2,map.help,available,78,36,3,,,
93de4499-88b8-4266-8fef-db2f9b300e3a,map.hiphop,available,78,36,3,,,
1f5075f8-d8b2-490a-a23d-0da4e32eb073,map.hiv,available,78,36,3,,,
10751161-b10e-4a1d-9070-477d1110d092,map.holdings,available,78,36,3,,,
9f8e84b6-576b-44ee-bac7-52f029076792,map.horse,available,78,36,3,,,
6b5759df-647e-465e-b00c-7adcede937d7,map.hospital,available,78,36,3,,,
eef49e61-1f9c-489d-beed-269db1e2116f,map.host,available,78,36,3,,,
faba63d6-2dad-4f4f-a457-7b7aedcd29c2,map.hosting,available,78,36,3,,,
c8ec2b6d-7370-472b-b20f-2ae61f7c02cc,map.hot,available,78,36,3,,,
25359262-fac8-4dd7-a2a5-d4e35b31f036,map.how,available,78,36,3,,,
8200293d-7d55-4308-b35e-a7aa8209c23d,map.icu,available,78,36,3,,,
0394026e-8147-48d9-9aab-5022808be304,map.im,available,78,36,3,,,
ecd6ef23-7bda-4ee9-aea9-fc7bd74d8006,map.immo,expiring,78,36,3,united-domains GmbH,10/12/2014 16:39,10/12/2025 16:39
0c616a03-da2a-40cc-8e4b-acbae7d04c9f,map.industries,available,78,36,3,,,
567bdf1c-3dd7-4a96-aaa5-5788dda5473b,map.info,resell,78,36,3,"Sav.com, LLC",31/07/2001 20:14,31/07/2026 20:14
5df8a246-520f-4064-84f5-907b55cc3589,map.ing,available,78,36,3,,,
a5764a74-6ffc-4545-a2cf-7599e8dfb535,map.ink,resell,78,36,3,Alibaba Cloud Computing Ltd. d/b/a HiChina (www.net.cn),12/03/2023 00:23,12/03/2026 00:23
f17f9ba5-5a18-46c6-982f-e5993bd18d46,map.investments,available,78,36,3,,,
771361df-fb93-42b9-8922-207bf0a719a5,map.io,resell,78,36,3,"NameCheap, Inc.",16/10/2010 23:06,16/10/2026 23:06
4b802ac1-b43d-4f62-8842-9daada0734db,map.irish,available,78,36,3,,,
44489e04-1347-4d6e-8512-2b61e0a2b6ec,map.it,expiring,78,36,3,,27/11/1996 00:00,20/12/2025 00:00
bf091f15-f179-42d1-a34d-30450172218c,map.jetzt,available,78,36,3,,,
8afd892d-3ada-4fb9-830e-33411758dc1a,map.jewelry,available,78,36,3,,,
3ef66007-66aa-41c6-adc9-048c6abdfdc2,map.juegos,available,78,36,3,,,
91ac85c0-30b2-486a-abb1-9a6d6b710a84,map.kaufen,available,78,36,3,,,
ce8757b9-fc3e-49f3-a225-5e1bc2683c49,map.kids,available,78,36,3,,,
f2d7a31c-5dab-4ade-b393-13554088d0e0,map.kitchen,available,78,36,3,,,
417e0877-dcfb-4c38-a927-f77f3625c58e,map.la,resell,78,36,3,LA Domain Names,26/05/2022 13:46,26/05/2026 23:59
8786abba-67e2-415f-899e-8235aa7973a4,map.land,resell,78,36,3,Porkbun LLC,08/05/2025 18:38,08/05/2026 18:38
4cb0d282-9b4d-422c-ae51-3fcc337436b0,map.lawyer,available,78,36,3,,,
340c0c0b-999c-4c5d-a441-742717c4940a,map.lease,available,78,36,3,,,
aaf0f20e-cca7-4bf0-91e1-f8678a37f93c,map.lgbt,resell,78,36,3,"NameCheap, Inc.",10/06/2022 13:08,10/06/2026 13:08
017151be-14b7-44e9-8cce-13e11b38eb39,map.lifestyle,available,78,36,3,,,
8fdbda31-c343-41c4-ab6a-b96b2515febb,map.lighting,available,78,36,3,,,
227bb9b1-e1b5-4c6b-99a0-faf80ece3ae2,map.limited,available,78,36,3,,,
4d3f1cd0-8642-40e8-bc4a-24a06e36a7af,map.living,available,78,36,3,,,
f1ff5636-0ed6-4675-bec3-81669f2a9f26,map.loan,available,78,36,3,,,
2b6a573c-ee14-4da3-b298-50f530ee14e6,map.loans,available,78,36,3,,,
72638dd4-ed95-420a-aa09-31f2e988deac,map.locker,available,78,36,3,,,
163188f0-8bff-4e1f-8f2e-990a7fd3a04c,map.lol,available,78,36,3,,,
eddcfc85-bc17-4728-aaf2-49c4df823c09,map.london,available,78,36,3,,,
5f4dc32d-7e5c-4ffb-8e57-54011c5bf958,map.love,available,78,36,3,,,
b66fcd34-d1c8-4fc9-bd17-45332f970a0a,map.ltda,available,78,36,3,,,
6b0d5453-8f3d-4c18-90ad-a625527efa3f,map.luxe,available,78,36,3,,,
9ec09b7c-c16d-45d8-9e05-0837a95d8e4d,map.maison,available,78,36,3,,,
2d10abdf-8602-4c7e-a5e1-2c7cf799c6ae,map.makeup,available,78,36,3,,,
ba711ec6-c609-4d53-a5cc-a97f413f98ac,map.management,resell,78,36,3,"eNom, LLC",23/03/2014 00:25,23/03/2026 00:25
aabee191-bb75-46a1-9d4c-c9df4143b2ee,map.marketing,available,78,36,3,,,
00543221-1158-434e-849d-07482e0ef22b,map.me,available,78,36,3,,,
97214d4f-26a8-4a40-972b-d1d3bc2c9256,map.melbourne,available,78,36,3,,,
72f22857-05a1-4234-b767-2c0827947bc3,map.meme,available,78,36,3,,,
26124ea0-f63f-4d63-9984-d8aae758982b,map.memorial,available,78,36,3,,,
b3521e01-c649-4698-b261-2f348a536490,map.men,available,78,36,3,,,
d6a5527a-c866-42b3-8dc2-eff3dd277890,map.menu,available,78,36,3,,,
e0865a77-0848-477c-b8b8-272f2eb4665e,map.mobi,resell,78,36,3,"Xiamen ChinaSource Internet Service Co., Ltd",06/08/2025 15:16,06/08/2026 15:16
682c9ebe-2c88-4475-9c2d-f4b58cc57689,map.moda,available,78,36,3,,,
ba8dfcbf-8410-4a7f-b712-6a11a121fd6e,map.moe,available,78,36,3,,,
b5bc8c68-e235-452f-a005-ce44ee8b3e33,map.monster,available,78,36,3,,,
ccc1282d-180b-4048-9a70-a8d61bb1a90e,map.mortgage,available,78,36,3,,,
aa3c1466-ca36-48e0-b92f-3cea7427ca37,map.motorcycles,available,78,36,3,,,
c8326b42-3212-483f-9fc9-8fc55980773c,map.mov,available,78,36,3,,,
2a1d64b6-f5f3-4f3d-b2e4-5ef1e33739f3,map.movie,available,78,36,3,,,
fe04817f-305d-4ae2-aa59-b37062d91176,map.music,available,78,36,3,,,
15c86511-4d9d-4bbb-9daa-6d5aee3e3012,map.mx,available,78,36,3,,,
909008ed-2297-48a1-a650-12432c265909,map.navy,available,78,36,3,,,
426267f1-5f7e-4b66-b327-bfc910549516,map.network,expiring,78,36,3,"Sav.com, LLC",20/12/2023 06:40,20/12/2025 06:40
64f9c973-540b-465b-9373-a379042e3d43,map.nexus,available,78,36,3,,,
cd3ed67f-2654-4bba-9adc-b7d04bb8b35a,map.ninja,resell,78,36,3,Porkbun LLC,13/08/2024 00:12,13/08/2026 00:12
8207f196-5f1e-4a04-8bc6-837148891dc6,map.nyc,available,78,36,3,,,
6873f4f2-2ec9-4780-b73e-dfac1a0082dd,map.observer,available,78,36,3,,,
b5e0cf6a-e8b2-423d-99fd-26583bbd214a,map.online,premium,78,36,3,,,
528a5df4-7035-4049-abf2-f1781809073b,map.ooo,available,78,36,3,,,
5781aa89-0465-474f-8ebb-a62f7a604448,map.organic,available,78,36,3,,,
8fadaa8c-9b40-44eb-bb8a-f243d74f63b9,map.osaka,available,78,36,3,,,
b25f82b7-95ef-4fe2-a106-11917ea39af2,map.page,available,78,36,3,,,
b2b0311f-a595-4d84-973b-713cf6c12e06,map.partners,available,78,36,3,,,
1d70c75a-9a66-4c54-a717-da9e462f5054,map.parts,available,78,36,3,,,
65cbcc5f-034d-404d-8e6b-c9b4d6f69ee9,map.party,available,78,36,3,,,
66791617-11c6-4a5a-9e45-ee8fe951a0d2,map.pet,expired,78,36,3,"Sav.com, LLC - 46",13/10/2023 17:00,13/10/2025 17:00
e593d066-c4aa-4a49-a25a-f2747c535905,map.phd,available,78,36,3,,,
dfdcfddf-8d09-4f28-9956-7bd8f1d074d0,map.photo,available,78,36,3,,,
ce28a4b3-99aa-44fb-b903-1bd43b7e29cc,map.pictures,available,78,36,3,,,
aa9fa1dc-9177-4999-9ef3-6bb30c3f9888,map.pizza,available,78,36,3,,,
1fe8e8a6-b85f-4d0d-9e83-bfd860c3e59e,map.plumbing,available,78,36,3,,,
e0a93b3b-a375-44fd-93d5-f77a5c2fc0da,map.poker,available,78,36,3,,,
fae69df2-9f35-46ea-8ab2-67e3c792a0ef,map.porn,available,78,36,3,,,
3e894807-cbe9-40b5-b9d3-a57dd3a13391,map.press,available,78,36,3,,,
d3fa6e77-699f-4d52-9f0a-4b0a5b3787ee,map.productions,available,78,36,3,,,
39bb4d7d-23fd-406e-a77e-b2c27eeb4ee3,map.prof,available,78,36,3,,,
ccddc9db-9e48-4557-8b95-1221f530fafc,map.promo,available,78,36,3,,,
c81b720c-de73-439e-81e7-95dae0fec8c0,map.property,available,78,36,3,,,
ba8278ec-c550-4db4-a883-39c2062b9d71,map.protection,available,78,36,3,,,
0d6d92b2-59e4-42ab-a9d4-7f87c6a28496,map.pub,available,78,36,3,,,
f7b6fcd7-0e16-4728-89b9-5769ed260abf,map.pw,available,78,36,3,,,
d742fcd6-3ff9-4cdc-8e13-51d3d4a76520,map.qpon,available,78,36,3,,,
511cbd08-0fc9-4430-91f3-f363b6d52f23,map.quest,available,78,36,3,,,
4adcc052-1b56-4cbb-a95d-68e537c476fe,map.racing,available,78,36,3,,,
256cae2b-3fb0-43c3-bb88-67e2a37d041c,map.realty,available,78,36,3,,,
4f728b12-4193-4f73-a5d7-02ed0b1c2f8d,map.recipes,available,78,36,3,,,
32a4e10d-ea5d-49f1-90c6-f426e6425550,map.red,resell,78,36,3,Gandi SAS,28/04/2015 11:15,28/04/2026 11:15
689731be-fd67-4852-ba11-4a64338533da,map.rehab,expiring,78,36,3,Porkbun LLC,08/01/2025 13:24,08/01/2026 13:24
222be03f-e78c-4c2d-8b4d-b3a51403e860,map.reise,available,78,36,3,,,
c3ef66ad-a3bd-4aa3-bb4f-d254188fefad,map.rentals,available,78,36,3,,,
0abd7fc8-2482-4012-8fec-a58a8fa9fba4,map.republican,available,78,36,3,,,
de1ea2d9-6f29-4e0c-95de-d9ee47719c2e,map.rest,available,78,36,3,,,
cc0e9f21-f973-4cf5-a558-00eb2c4340bc,map.restaurant,available,78,36,3,,,
b346d4b1-e4f4-4f30-95ce-3a088bacb6ef,map.review,available,78,36,3,,,
a50b1161-1109-4fed-beca-b95bc0fbe56f,map.reviews,available,78,36,3,,,
d5ee3595-408a-4802-a28c-d70206cec678,map.rich,available,78,36,3,,,
062a3fbd-10c6-4a3e-8230-94631743cc0c,map.rodeo,available,78,36,3,,,
9dcb49cf-e1c4-4ce8-b4aa-6832d799ec7f,map.rsvp,available,78,36,3,,,
34ce34a8-d834-404b-856a-e983a87cfb01,map.sale,available,78,36,3,,,
30543124-0253-411b-b767-22c15667d0ac,map.salon,available,78,36,3,,,
cc5bb1ad-bf77-4020-8d46-ad69eefb86a2,map.sarl,available,78,36,3,,,
919b1d3b-6961-429d-9c75-6a80b2bf030e,map.sbs,available,78,36,3,,,
c625624d-2f6f-42a3-93a5-0afffbd37e9c,map.schule,available,78,36,3,,,
0027b38e-6e7a-4c94-a250-ac6dad3c9aa6,map.science,available,78,36,3,,,
39d21502-37e0-40ff-947b-7518148a08ab,map.security,available,78,36,3,,,
67f5093d-952e-4090-ad2c-31eb7ec46ab8,map.sexy,available,78,36,3,,,
477635d4-2e35-41f8-8629-515d48b77123,map.shiksha,available,78,36,3,,,
42b2067a-8507-4e6e-a8c9-dd9e7efa04c8,map.shoes,available,78,36,3,,,
9e779183-1a86-42c9-bd1b-9c745410d48b,map.shopping,expiring,78,36,3,Dynadot Inc,11/12/2022 15:15,11/12/2025 15:15
a9bfb873-6ae9-446a-8883-28bd4329e50f,map.show,expiring,78,36,3,Alibaba Cloud Computing Ltd. d/b/a HiChina (www.net.cn),09/12/2016 17:52,09/12/2025 17:52
97aa8baf-5474-40d2-b694-c70b37a9cc88,map.site,premium,78,36,3,,,
e9f587ef-589e-496b-8262-22df578f0e46,map.ski,available,78,36,3,,,
db73eedd-85e7-4af4-a77d-1dffa6bdbcf3,map.skin,available,78,36,3,,,
f9ab4f50-0057-4116-8cce-3090a17c415b,map.soccer,available,78,36,3,,,
647ce47a-2af1-4798-9a89-21536544ab48,map.software,available,78,36,3,,,
6185b423-4872-4257-8fb9-dc6abe4ca011,map.solar,available,78,36,3,,,
3c831014-2000-4692-85c4-d031269433b3,map.solutions,resell,78,36,3,Porkbun LLC,28/06/2024 19:31,28/06/2026 19:31
7f5f86e8-c027-4da4-aa41-b6c7faaa73ea,map.soy,available,78,36,3,,,
beee7016-379f-4c88-902a-cc8ee51a6060,map.space,premium,78,36,3,,,
a695eb17-7259-4fb6-a721-d0fde0bae443,map.spot,available,78,36,3,,,
36248f78-8fae-4132-b7fe-1185588dd3f4,map.srl,available,78,36,3,,,
c8284c81-e5f0-4e95-b282-6683371bcb6a,map.storage,available,78,36,3,,,
59bfda74-bb3e-46e7-81f3-15879b33c9a2,map.store,premium,78,36,3,,,
c984ac22-d887-4b29-9122-2ee9995b1544,map.stream,available,78,36,3,,,
835b40fe-735b-4b2f-8e60-aa4c9871a3a8,map.study,available,78,36,3,,,
7fa517c9-1d87-4010-9601-d750aa22c4ac,map.sucks,available,78,36,3,,,
dd6a33f0-28a4-411c-8979-30a0c93bd649,map.supplies,available,78,36,3,,,
23c256ba-1aa2-4513-b272-8e38580a19a3,map.surf,available,78,36,3,,,
81f1d9ff-1214-4cf9-b69a-590755304fc7,map.surgery,available,78,36,3,,,
2c81085d-a020-45eb-9e4a-b9570372fa03,map.sydney,available,78,36,3,,,
c7e4ff0d-2bc3-42cd-9191-fdaced8811d6,map.talk,available,78,36,3,,,
caa662f6-3650-4275-b68d-d2209119b93b,map.tattoo,available,78,36,3,,,
cb15f98d-0804-44f4-82d0-52104b57fb63,map.tech,premium,78,36,3,,,
2b5f413e-45bf-4360-a358-84148f9af26b,map.tennis,available,78,36,3,,,
2f6f28b5-5e3e-448e-b223-bf3d0c0482f3,map.theater,available,78,36,3,,,
edd3bea0-1b84-484f-999d-1435656705f5,map.theatre,available,78,36,3,,,
4945696c-c117-46f6-914d-23fb6e55c025,map.tickets,available,78,36,3,,,
0fab61b2-d418-4e62-b86e-6ad5e112afb1,map.tienda,available,78,36,3,,,
3feac6b3-9b31-46b4-8fb8-05c2da461fac,map.tips,resell,78,36,3,"Spaceship, Inc.",20/06/2022 17:03,20/06/2026 17:03
7fe04514-689c-48ff-9a87-1eef3a4c91b6,map.tires,available,78,36,3,,,
9427fb0e-259c-46a5-94f9-6d2ab21cdfc7,map.top,available,78,36,3,,,
dacc0b4d-1a1f-4f28-ba12-c2b47d070169,map.tours,resell,78,36,3,"Network Solutions, LLC",08/12/2024 18:33,08/12/2026 18:33
e46dd542-148d-458a-9ecf-7587dd5a3edd,map.town,resell,78,36,3,Porkbun LLC,18/05/2025 09:57,18/05/2026 09:57
612fc90b-1f9d-4e31-8603-e74bb34efbe6,map.toys,resell,78,36,3,"GoDaddy.com, LLC",04/12/2015 16:17,04/12/2026 16:17
f85accef-4089-4ca6-9915-9a15a9e5dadc,map.trade,available,78,36,3,,,
d26ff074-f9e5-4f6d-887c-6ab04449e76f,map.training,available,78,36,3,,,
f9d400c3-75c8-407e-bd72-fecebc768020,map.tube,expired,78,36,3,"Latin American Telecom, LLC",08/11/2017 19:27,08/11/2025 19:27
023f1f5e-4e50-46bc-a3e9-ff87d4bd7e37,map.university,available,78,36,3,,,
d66342d2-7cbb-463d-b239-6436f3e0450b,map.uno,available,78,36,3,,,
7db24876-d10a-4fdb-a45f-1c0511363e7f,map.vacations,resell,78,36,3,"Global Domains International, Inc. DBA DomainCostClub.com",01/08/2021 19:31,01/08/2026 19:31
d1518b6c-1895-47da-8130-0da4f3983c45,map.vana,available,78,36,3,,,
e68f2376-d3b1-46df-91ae-073c8b66ceca,map.vc,resell,78,36,3,www.Names.plus,27/08/2019 01:10,27/08/2026 01:10
856a5cfc-f705-4d25-943e-dbcba0bd7147,map.vegas,available,78,36,3,,,
acd978d1-6597-4d48-a0a0-c15f97c7e970,map.vet,available,78,36,3,,,
4d60112b-4eaf-452e-9c91-ec628c5d53b7,map.viajes,available,78,36,3,,,
20cbc614-2d08-4119-a657-3d68728c9aec,map.video,available,78,36,3,,,
40d42f77-fd82-4664-bddb-bb7cdcdbda06,map.villas,available,78,36,3,,,
977384f7-123e-4dcb-ad2a-4a72698ab225,map.vodka,available,78,36,3,,,
5fd4dd7a-2127-4fbf-b618-f5ec11d62c77,map.vote,available,78,36,3,,,
4faac124-4943-4af7-8edf-9c176bbc3998,map.voting,available,78,36,3,,,
7762756e-9006-4e81-8d53-c4b97fa0a55c,map.webcam,available,78,36,3,,,
749f2708-bdaf-48ce-9c7d-de6186e60ff3,map.website,available,78,36,3,,,
bb5e2389-1ef7-4a8b-8185-f9c9b3f5c8e5,map.wedding,available,78,36,3,,,
1a0e96ad-ebd2-4080-ba20-138b6951bd6c,map.wiki,available,78,36,3,,,
96af78c6-fa97-480d-866c-2cc25389a762,map.yoga,available,78,36,3,,,
cce893ae-cb33-4ce9-853c-428a6e367fe5,map.you,available,78,36,3,,,
c6b3b462-09d4-4a58-8bd2-e230802b2d93,map.zip,available,78,36,3,,,
815e921a-f1fa-4f6d-b099-7afeb31b8992,design.academy,resell,108,42,6,"eNom, LLC",19/03/2014 06:03,19/03/2026 06:03
d51f904e-0d7d-4eab-8a45-888bd2e9caa2,design.accountant,premium,108,42,6,,,
45632a96-6625-4245-a709-03ffe5653f4b,design.accountants,available,108,42,6,,,
bd9177ee-2e67-437d-9115-9b2ae84e17b9,design.adult,premium,108,42,6,,,
c0201888-0441-469d-8aee-c60a30828ecd,design.army,premium,108,42,6,,,
2aa89628-b282-4ca5-ac6b-8e70c426407f,design.art,premium,108,42,6,,,
edfff64e-7281-478b-ac9d-801ae7b553a1,design.asia,resell,108,42,6,"Spaceship, Inc.",22/05/2022 01:07,22/05/2026 01:07
288850d3-7fa4-4c26-9e55-de723b91d702,design.associates,sold,108,42,6,Dynadot Inc,12/10/2016 17:09,12/10/2026 17:09
c8b2ae57-07ec-4402-b624-72826116a96c,design.at,sold,108,42,6,World4You Internet Services GmbH ( https://nic.at/registrar/61 ),,
783b46da-53d8-4e02-a466-0a1597ad20ad,design.attorney,premium,108,42,6,,,
ef447102-d042-4d30-801e-cf70f05716dc,design.auction,premium,108,42,6,,,
d649a49a-cb7c-4b0e-8102-1370db6a7454,design.audio,premium,108,42,6,,,
61363f0e-bf4c-4b9d-aa57-d8cddd864b4b,design.auto,available,108,42,6,,,
5696d5ee-dcb4-49b2-8fc5-5db5916f63d6,design.autos,premium,108,42,6,,,
6a091c2d-77ed-404b-a6b1-946af958491a,design.baby,premium,108,42,6,,,
dc877383-0657-42d8-a629-b1409604e771,design.band,expiring,108,42,6,Squarespace Domains II LLC,24/12/2022 19:38,24/12/2025 19:38
a65f9ec1-dcdc-424a-9203-94fed0459011,design.bar,premium,108,42,6,,,
7d5fd44e-f118-4dbc-bf46-5e19e456b3a4,design.bargains,premium,108,42,6,,,
011bb63e-983d-46fb-963a-605ad09d3c29,design.bayern,premium,108,42,6,,,
c7d8347c-02d5-4e9a-ac46-ea6dd7de044b,design.beauty,premium,108,42,6,,,
fa54887a-a645-4281-9f1e-3c5ee1dd491b,design.beer,expired,108,42,6,Alibaba Cloud Computing Ltd. d/b/a HiChina (www.net.cn),02/12/2023 01:30,02/12/2025 01:30
69f42cd2-7dd5-4852-9079-cf64a2954ad4,design.berlin,resell,108,42,6,,27/11/2015 16:02,27/11/2026 16:02
077a36f0-0097-46b5-93da-4b0437051db1,design.bid,resell,108,42,6,Porkbun,26/07/2019 14:50,26/07/2026 14:50
6885476c-d98d-4819-a0b3-496b4d44939a,design.bike,resell,108,42,6,"Sav.com, LLC - 19",01/04/2025 15:15,01/04/2026 15:15
d36e92d5-3c1f-40b6-8595-c4ec835c9f0d,design.bingo,expiring,108,42,6,Porkbun LLC,04/01/2025 18:37,04/01/2026 18:37
218a4612-9ab4-4a3c-b88b-e4d81e7f9545,design.bio,expiring,108,42,6,"GoDaddy.com, LLC",09/12/2015 02:26,09/12/2025 02:26
5a89f891-aabb-4bb6-9971-77a09820af40,design.biz,resell,108,42,6,"GoDaddy.com, LLC",27/03/2002 07:44,26/03/2026 23:59
1fb2e776-be2d-4ffb-b820-f24ca7d93551,design.black,resell,108,42,6,"Xiamen ChinaSource Internet Service Co., Ltd",25/02/2025 15:15,25/02/2026 15:15
e7a8c2ec-93ea-43c7-a5a3-a89e1fd1dca8,design.blackfriday,expired,108,42,6,"Regional Network Information Center, JSC dba RU-CENTER",09/10/2014 00:00,09/10/2025 00:00
f8c45dec-9c78-46f4-a3cb-6339afdb5d88,design.blue,resell,108,42,6,"Spaceship, Inc.",01/05/2015 05:57,01/05/2026 05:57
f6ff4849-9c20-4219-b911-dc5db94cfae9,design.boats,premium,108,42,6,,,
14b3fde2-e491-4d88-8101-ba5de6f5fc01,design.boo,premium,108,42,6,,,
454673b8-3047-4f5f-9874-e0f754b0f1ac,design.boston,expired,108,42,6,"GoDaddy.com, LLC",24/10/2017 16:32,24/10/2025 16:32
b5f60026-e4b2-48f8-9a1e-e7588b2a16ca,design.boutique,resell,108,42,6,"NameCheap, Inc.",09/05/2014 13:27,09/05/2026 13:27
d67d5cd4-7b99-4013-bfdd-ec859c59a435,design.business,sold,108,42,6,Dynadot Inc,10/12/2014 16:00,10/12/2026 16:00
f40842fa-08fd-48dc-b912-7aea36352343,design.bz,premium,108,42,6,,,
3cbbdb68-460a-4f57-9508-067b39b8a04c,design.cafe,resell,108,42,6,"Chengdu West Dimension Digital Technology Co., Ltd.",21/09/2017 22:10,21/09/2026 22:10
b1c111e7-7ba0-4603-91b3-60157680c5df,design.cam,premium,108,42,6,,,
baa7a8d0-a827-4903-921c-9e4ca7ab40df,design.camera,premium,108,42,6,,,
f948b940-3653-43b2-8ecb-ab1e286ceab4,design.capital,resell,108,42,6,Porkbun LLC,14/04/2024 15:15,14/04/2026 15:15
7f526f62-ce18-461b-83e6-0950f60877cc,design.car,available,108,42,6,,,
e390640b-86e2-4d40-82f9-b7054d9e3e57,design.cards,premium,108,42,6,,,
0f101560-81d1-4324-a4a2-63aba12ad144,design.cars,available,108,42,6,,,
8c16e4f0-3001-48b2-83a3-64ec54fd54d2,design.casa,sold,108,42,6,"GoDaddy.com, LLC",14/09/2022 14:33,14/09/2026 14:33
9d5fd76a-a473-411f-acb9-17c53048d6e8,design.cash,sold,108,42,6,Porkbun LLC,13/09/2024 14:32,13/09/2026 14:32
dce36813-d69b-4db8-add8-229b9945b883,design.casino,resell,108,42,6,Dynadot Inc,31/07/2025 17:00,31/07/2026 17:00
2d68816d-fc0c-4a89-98b5-d3e32d281c8e,design.catering,premium,108,42,6,,,
9394f28a-004d-4fbb-b23d-b31d97226e64,design.center,sold,108,42,6,"GoDaddy.com, LLC",21/09/2016 00:44,21/09/2026 00:44
5d2f971f-16ff-46aa-8c8b-4c72fc0982a7,design.charity,premium,108,42,6,,,
76b12d1a-f076-4671-8df2-f4f4fb61db64,design.cheap,resell,108,42,6,Dynadot Inc,18/05/2025 01:32,18/05/2026 01:32
e1d23f52-73b7-483f-80d2-0d80546a1133,design.city,resell,108,42,6,"Sav.com, LLC",02/12/2024 01:31,02/12/2026 01:31
d4343f9f-3e08-4ced-8b3f-68606086019f,design.claims,available,108,42,6,,,
d68a7f9b-8cc1-4eaa-b523-34a8fd8a4dbf,design.cleaning,premium,108,42,6,,,
571f9d54-ca05-4136-aa86-63b550d90327,design.click,resell,108,42,6,Porkbun LLC,25/11/2014 16:00,25/11/2026 16:00
d2b69839-03eb-4e2e-a5ba-2e15b4d686a8,design.clinic,sold,108,42,6,Porkbun LLC,13/09/2024 14:32,13/09/2026 14:32
0a55ac0d-38dd-42e1-8c6b-a7d3d6ab9373,design.clothing,premium,108,42,6,,,
a7e30ece-d1b5-422f-b225-74ffe22fd59d,design.cloud,premium,108,42,6,,,
5f5eedf6-c038-4850-b893-27270b6c831c,design.company,resell,108,42,6,"Name.com, Inc.",28/08/2017 18:05,28/08/2030 18:05
c23015ec-f1af-4963-ba21-d1612333ccfa,design.condos,premium,108,42,6,,,
fe5f1010-39d8-4990-a1dd-59b4a6e12829,design.construction,resell,108,42,6,Porkbun LLC,19/09/2024 15:15,19/09/2026 15:15
64f4ab11-f5cf-4f1d-8d42-a6361e4559ab,design.consulting,premium,108,42,6,,,
7b26c97f-37e3-48af-af0a-6b3e8e30722b,design.contact,resell,108,42,6,Porkbun LLC,09/12/2020 16:00,09/12/2025 16:00
fb60c885-8ec9-42d7-b173-5a34853c7a0c,design.cooking,premium,108,42,6,,,
02974898-37c4-4f0a-b0a8-33e074d70818,design.country,available,108,42,6,,,
c4f4da00-001f-45c9-bb3f-b8ce6ebb71eb,design.coupons,sold,108,42,6,"GoDaddy.com, LLC",27/11/2025 00:25,27/11/2026 00:25
02d59c97-865c-4c6b-a523-bd7b5ef0010e,design.courses,premium,108,42,6,,,
66e7edc1-4ad5-40a4-ab45-1373f559ab2e,design.credit,resell,108,42,6,Dynadot Inc,02/12/2025 20:21,02/12/2026 20:21
7d907126-55be-4d90-b27a-d11d7ced9913,design.creditcard,premium,108,42,6,,,
895601cf-a020-40fa-9004-cf0747926582,design.cricket,premium,108,42,6,,,
0b117b43-babc-4b1b-978b-8642eb0d15d5,design.cruises,premium,108,42,6,,,
fe7da304-8446-4c3d-a965-8a108d68d4f2,design.cv,resell,108,42,6,apitestregistrar,27/11/2024 00:00,27/11/2026 17:06
1ab0277c-b6f5-4963-9242-7e77a6ff7e65,design.dad,premium,108,42,6,,,
92245975-0923-4693-bc02-cf42dd8a2e2a,design.date,premium,108,42,6,,,
1d128554-6cdd-4977-9dd1-e1704ba37b69,design.dating,available,108,42,6,,,
a6703df5-2aa1-41b4-9815-c3f781e28e89,design.day,premium,108,42,6,,,
d5b4a82e-7646-48ef-972d-cc946b8cb6e1,design.deal,premium,108,42,6,,,
4379e772-522e-4d16-8e25-7d12b44c0fe4,design.dealer,premium,108,42,6,,,
4a816c22-7f95-4ff3-94c5-8ceb2699b28f,design.deals,premium,108,42,6,,,
4e151a37-c67c-4af3-87c5-a01705f3ed76,design.degree,premium,108,42,6,,,
27879fcb-3e48-49aa-9c69-b8300241b75f,design.diamonds,premium,108,42,6,,,
f22e229c-adf7-4258-8d03-e8929d8363d9,design.diet,premium,108,42,6,,,
b16153a0-6b1b-4fb1-a478-bd36bc7e2d5f,design.digital,sold,108,42,6,1API GmbH,17/06/2015 16:00,17/06/2026 16:00
96a23cb6-4947-4f80-b664-47fa84b37458,design.direct,premium,108,42,6,,,
336d6040-d863-45cd-a3d4-0142c0be4717,design.diy,premium,108,42,6,,,
4d71346e-e029-4d04-9172-f75a7cbcf3a4,design.domains,premium,108,42,6,,,
477f155a-39d0-4412-a1a0-becb8cb37ee4,design.earth,expired,108,42,6,Porkbun,19/11/2015 16:00,18/11/2025 23:59
4bf0f876-b87c-4d42-bde5-98f91f58dcde,design.email,resell,108,42,6,"Sav.com, LLC - 4",06/12/2023 15:15,06/12/2026 15:15
3d97e6e9-e2c0-42e9-a317-7a0a04b7036e,design.energy,resell,108,42,6,"GoDaddy.com, LLC",24/01/2025 15:15,24/01/2027 15:15
44528a96-6b60-4f33-aa0e-389064e78c0f,design.esq,premium,108,42,6,,,
b3940cfc-f60d-4686-a301-279ff1d7bd3d,design.events,resell,108,42,6,"Name.com, Inc.",20/09/2015 08:08,20/09/2026 08:08
20b021fc-3f02-442d-8ce7-1f79d4c32c33,design.expert,sold,108,42,6,"Go China Domains, LLC",12/07/2015 16:00,12/07/2026 16:00
93fd9412-91bc-4494-b46e-d6cdeec934d4,design.exposed,premium,108,42,6,,,
2cfb78b5-d848-4585-bd20-0bc20839d2ce,design.fail,premium,108,42,6,,,
94623494-697b-4bb8-a17b-f342068211d1,design.family,premium,108,42,6,,,
2563502b-38ec-4520-964b-efd5d280bce5,design.fan,premium,108,42,6,,,
42f053dd-519a-4ef6-b62d-898e2fa35b11,design.fans,premium,108,42,6,,,
b0d26c1a-321c-47c3-805b-5f6144c0e704,design.farm,sold,108,42,6,"GoDaddy.com, LLC",25/09/2018 23:50,25/09/2030 23:50